userId,recommended_item_ids_in_db,gt,number_of_hits,original_recommendations
817,"[1407, 480, 589, 593, 1200, 1036, 2762, 2916, 457]","[3039, 2053, 2794, 519, 3526, 2083, 1589, 1257, 1378, 1544, 2352, 1339, 1047, 1953, 2231, 2746, 996, 2141, 3261, 1658, 2011, 849, 474, 1500, 1722, 3623, 1249, 2986, 586, 2514, 2248, 3392, 3147, 1304, 2253, 1466, 2408, 1407, 259, 2387, 3608, 1393, 442, 546, 724, 852, 2915, 1584, 6, 3424, 2406, 1644, 3438, 1735, 3448, 2194, 2145, 164, 3444, 435, 2026, 70, 2028, 1197, 1320, 362]",1,"['Scream (1996)', 'The Matrix (1999)', 'Jurassic Park (1993)', 'Terminator 2: Judgment Day (1991)', 'The Silence of the Lambs (1991)', 'Aliens (1986)', 'Die Hard (1988)', 'The Sixth Sense (1999)', 'Total Recall (1990)', 'The Fugitive (1993)']"
4302,"[1307, 1270, 1197, 480, 539, 318, 356, 457, 39, 1682]","[2791, 1363, 920, 3361, 2065, 1682, 3418, 2953, 1956, 1213, 1376, 1747, 2420, 494, 3262, 3422, 1259, 2146, 1465, 1674, 1968, 150, 32, 2463, 1196, 3260, 2736, 1610, 2717, 2423, 2470, 349, 2942, 2371, 2243, 1672, 1909, 45, 1092]",1,"['When Harry Met Sally... (1989)', 'Back to the Future (1985)', 'The Princess Bride (1987)', 'Jurassic Park (1993)', 'Sleepless in Seattle (1993)', 'The Shawshank Redemption (1994)', 'Forrest Gump (1994)', 'The Fugitive (1993)', 'Clueless (1995)', 'The Truman Show (1998)', 'Enjoy watching!']"
326,"[296, 1213, 608, 318, 1307, 1293, 2174, 2124, 1193, 541]","[1219, 1387, 933, 750, 1958, 3361, 2634, 3897, 3479, 2529, 2398, 1271, 3099, 2501, 2745, 2140, 589, 468, 648, 2291, 2359, 3060, 3201, 3107, 1270, 2967, 952, 3671, 3394, 1197, 597, 2139, 1394, 1968, 2929, 1617, 1302, 1124, 2065, 2987, 3675, 1291, 1948, 1376, 3363, 2302, 2944, 21, 592, 281, 2420, 1935, 1961, 2300, 3684, 377, 3061, 1206, 3545, 953, 2762, 903, 1500]",0,"['Pulp Fiction (1994)', 'Goodfellas (1990)', 'Fargo (1996)', 'The Shawshank Redemption (1994)', 'When Harry Met Sally... (1989)', 'Annie (1982)', 'Beetlejuice (1988)', 'The Addams Family (1991)', ""One Flew Over the Cuckoo's Nest (1975)"", 'Blade Runner (1982)']"
4741,"[296, 6, 608, 1089, 50, 16, 2000, 555, 1732]","[922, 904, 541]",0,"['Pulp Fiction (1994)', 'The Departed (2006)', 'Heat (1995)', 'Fargo (1996)', 'Reservoir Dogs (1992)', 'The Usual Suspects (1995)', 'Casino (1995)', 'Lethal Weapon (1987)', 'True Romance (1993)', 'The Big Lebowski (1998)']"
3858,"[318, 480, 1197, 1097, 364, 2005, 2161, 1259, 3489, 531]","[1136, 892, 2057, 711, 1654, 158, 1955, 1197, 3175, 2987, 2942, 1235, 3157, 2140, 1204, 1380, 2067, 3635, 3099, 1947, 2406, 2080]",1,"['The Shawshank Redemption (1994)', 'Jurassic Park (1993)', 'The Princess Bride (1987)', 'E.T. the Extra-Terrestrial (1982)', 'The Lion King (1994)', 'The Goonies (1985)', 'The NeverEnding Story (1984)', 'Stand by Me (1986)', 'Hook (1991)', 'The Secret Garden (1993)', 'Enjoy watching!']"
5163,"[1270, 1197, 2716, 3033, 1, 3671, 2124, 2791, 3253]","[1722, 2671, 3070, 2646, 858, 1592, 1894, 1270, 2011, 905, 587, 2746, 1459, 2747, 1376, 1614, 2694, 1213, 2966, 1937, 1688, 1334, 2779, 224, 3061, 1958, 1278, 1358, 2418, 1234, 1032, 945, 866, 39, 2792, 1953, 52, 1054, 2860, 1225, 1208, 2001, 901, 3706, 2424, 3591, 597, 48, 2805, 1219, 497, 448, 1440, 3082, 1196, 1185, 2015, 367, 852, 1010, 1372, 1, 3527, 1171, 2653]",2,"['Back to the Future (1985)', 'The Princess Bride (1987)', 'Ghostbusters (1984)', 'Spaceballs (1987)', 'Toy Story (1995)', 'Blazing Saddles (1974)', 'The Addams Family (1991)', 'Airplane! (1980)', 'The Mask (1994)', ""Wayne's World (1992)""]"
231,"[593, 296, 318, 480, 356, 1, 1213, 364, 1682, 457]","[2987, 720, 541, 1200, 1653, 3873, 1387, 1089, 904, 1394]",0,"['The Silence of the Lambs (1991)', 'Pulp Fiction (1994)', 'The Shawshank Redemption (1994)', 'Jurassic Park (1993)', 'Forrest Gump (1994)', 'Toy Story (1995)', 'Goodfellas (1990)', 'The Lion King (1994)', 'The Truman Show (1998)', 'The Fugitive (1993)']"
4779,"[1252, 1294, 3730, 1208, 1193, 318, 904, 1207]","[1259, 34, 3019, 1272, 971, 2067, 527, 1225, 1387, 3844, 541, 3827, 2019, 1252, 2973, 902, 1208, 3468, 2946, 1103, 906, 1950, 3134, 3606, 1278, 3037, 594, 910, 2130, 260, 3068, 3366, 235, 1234, 2871, 2064]",2,"['""Chinatown"" (1974)', '""M*A*S*H"" (1970)', '""The Conversation"" (1974)', '""Apocalypse Now"" (1979)', '""One Flew Over the Cuckoo\'s Nest"" (1975)', '""The Godfather"" (1972)', '""The Shawshank Redemption"" (1994)', '""Rear Window"" (1954)', '""To Kill a Mockingbird"" (1962)', '""The Graduate"" (1967)']"
3732,"[1035, 920, 1947, 364, 912, 899, 919, 858, 1097, 318]","[1207, 1238, 1387, 954, 1203, 3363, 3070, 3196, 2973, 1247, 858, 1760, 3158, 1288, 913, 2396, 1213, 1284, 3489, 1196, 2857, 1265, 1250, 1244, 3675, 3467, 1028, 908, 2132, 25, 916, 2728, 1233, 1333, 1945, 969, 2014, 348]",1,"['The Sound of Music (1965)', 'Gone with the Wind (1939)', 'West Side Story (1961)', 'The Lion King (1994)', 'Casablanca (1942)', ""Singin' in the Rain (1952)"", 'The Wizard of Oz (1939)', 'The Godfather (1972)', 'E.T. the Extra-Terrestrial (1982)', 'The Shawshank Redemption (1994)']"
610,"[296, 318, 2959, 1213, 1732, 1270, 608, 1682, 223]","[1, 173, 1374, 2664, 3114, 2352, 1097, 3033, 1320, 1584, 1304, 1221, 1527, 1136, 480, 1224, 3702, 3421, 3683, 2918, 3703, 3868, 3450]",0,"['Pulp Fiction (1994)', 'The Shawshank Redemption (1994)', 'The Matrix (1999)', 'Fight Club (1999)', 'Goodfellas (1990)', 'The Big Lebowski (1998)', 'Back to the Future (1985)', 'Fargo (1996)', 'The Truman Show (1998)', 'Clerks (1994)']"
716,"[1036, 457, 1487, 480, 364, 296, 589, 318, 1270]","[2253, 709, 449, 1261, 1580, 356, 1969, 1127, 1647, 1, 3386, 2470, 1866, 2137, 1004, 2355, 1291, 1552, 2093, 2858, 2280, 517, 1663, 741, 480, 1266, 2028, 3527, 3948, 3578, 1544, 2105, 3802, 1270, 1092, 1175, 3275, 1921, 996, 32, 494, 3328, 2231, 225, 2826, 511, 2399, 224, 2791, 1205, 3502, 736, 2990]",2,"['Die Hard (1988)', 'The Fugitive (1993)', 'Seven (1995)', 'Jurassic Park (1993)', 'The Lion King (1994)', 'The Matrix (1999)', 'Pulp Fiction (1994)', 'Terminator 2: Judgment Day (1991)', 'The Shawshank Redemption (1994)', 'Back to the Future (1985)']"
4033,"[1270, 2716, 1197, 1265, 1580, 1517, 2273, 3948, 344]","[2020, 2253, 198, 2706, 1663, 2194, 1037, 786, 427, 194, 552, 3114, 3260, 3538, 1747, 2374, 428, 315, 266, 2889, 350, 2144, 3536, 1213, 707, 1797, 2518, 1370, 1378, 3331, 1833, 2763, 1172, 1222, 2699, 2081, 272, 1377, 3256, 3020, 2111, 3105, 1225, 2561, 141, 767, 292, 2822, 3478, 3689, 2381, 490, 1199, 3033, 3763, 1552, 3744, 216, 11, 2976, 3793, 2472, 1918, 1895, 372, 1748, 1036, 2396, 2288, 2002, 1, 2433, 1357, 2463, 2605, 539, 3042, 2797, 3249, 1191, 1564, 2990, 2598, 1680, 1266, 2420, 3342, 2759, 1101, 3141, 1779, 2447, 2028, 25, 2041, 3438, 356, 185, 3844, 2457, 3326]",0,"['Back to the Future (1985)', 'Ghostbusters (1984)', 'The Princess Bride (1987)', 'Groundhog Day (1993)', 'Men in Black (1997)', 'Austin Powers: International Man of Mystery (1997)', 'Rush Hour (1998)', 'Meet the Parents (2000)', 'Ace Ventura: Pet Detective (1994)', 'The Mask (1994)']"
934,"[318, 1198, 356, 296, 858, 1213, 593, 527]","[237, 536, 256, 3361, 3712, 1588, 2961, 104, 2028, 1097, 2412, 3502, 141, 448, 569, 2628, 798, 612, 39, 3270, 3841, 2469, 102, 2245, 1513, 3004, 3072, 3809, 2405, 64, 2374, 289, 613, 453, 463, 3214, 2112, 11, 1680, 1923, 3394, 1888, 1091, 852, 3798, 2150, 1515, 182, 3358, 412, 529, 1135, 2141, 1265, 2478, 2795, 3174, 1616, 2384, 801, 1556, 3302, 1834, 2002, 349, 432, 107, 673, 919, 241, 688, 2501, 1359, 3089, 356, 3911, 1124, 322, 1441, 377, 2094, 3106, 2335, 2406, 1912, 1259, 429, 3250, 2906, 1, 1911]",1,"['The Shawshank Redemption (1994)', 'Raiders of the Lost Ark (1981)', 'Forrest Gump (1994)', 'Pulp Fiction (1994)', 'The Godfather (1972)', 'The Dark Knight (2008)', 'Goodfellas (1990)', 'The Silence of the Lambs (1991)', 'The Departed (2006)', ""Schindler's List (1993)""]"
1004,"[1270, 2000, 1197, 1036, 1291, 380, 1580, 2273, 1517]","[2248, 743, 1460, 517, 2770, 3802, 316, 736, 1968, 861, 2109, 1282, 44, 1394, 3020, 1135, 3712, 1713, 3114, 2643, 3153, 1037, 2082, 2371, 2105, 239, 3033, 2947, 539, 2802, 435, 1297, 3771, 840, 48, 1597, 2916, 2143, 362, 589, 2625, 1707, 3174, 1881, 356, 364, 2134, 2374, 2012, 1222, 1100, 7, 2502, 780, 1479, 170, 1210, 2815, 1377, 2353, 1895, 2476, 2529, 3638, 3633, 3396, 590, 34, 2879, 1367, 1198, 2004, 1226, 1285, 2054, 3809, 3, 2000, 3697, 70, 2421, 11, 442, 1876, 1562, 2863, 3052, 762, 3763, 2991, 3552, 1918, 2375]",1,"['Back to the Future (1985)', 'Lethal Weapon (1987)', 'The Princess Bride (1987)', 'Die Hard (1988)', 'Indiana Jones and the Last Crusade (1989)', 'True Lies (1994)', 'The Mask (1994)', 'Men in Black (1997)', 'Rush Hour (1998)', 'Austin Powers: International Man of Mystery (1997)']"
2810,"[318, 356, 1721, 364, 296, 1682, 1704, 3147, 539, 1197]","[2709, 2424, 277, 780, 597, 2089, 1345, 2385, 2429, 2080, 274, 593, 2162, 27, 231, 2485, 1024, 2005, 368, 2421, 2154, 941, 1721, 1610, 2432, 1717, 3825, 364, 1388, 1615, 1562, 783, 1597, 3176, 1020, 104, 2506, 3081, 317, 2671, 3034, 1086, 419, 412, 3675, 1197, 920, 1968, 1544, 3615, 1167, 648, 2471, 110, 1029, 2053, 1479, 1399, 3489, 2398, 1582, 3174, 1286, 3259, 262, 3623]",3,"['The Shawshank Redemption (1994)', 'Forrest Gump (1994)', 'Titanic (1997)', 'The Lion King (1994)', 'Pulp Fiction (1994)', 'The Truman Show (1998)', 'Good Will Hunting (1997)', 'The Green Mile (1999)', 'Sleepless in Seattle (1993)', 'The Princess Bride (1987)']"
800,"[1, 364, 356, 588, 500, 595, 296, 1682, 575]","[364, 1376, 913, 185, 1018, 1014, 2616, 919, 1665, 2015, 942, 2406, 2571, 1654, 2375, 3396, 2694, 1614, 1837, 158, 1371, 3450, 1009, 1527, 2533, 924, 2240, 1148, 585, 262, 2804, 2088, 1016, 3213, 2085, 2782, 367, 1010, 153, 2857, 3499, 342, 449, 1474]",1,"['Toy Story (1995)', 'The Lion King (1994)', 'Forrest Gump (1994)', 'Aladdin (1992)', 'Mrs. Doubtfire (1993)', 'Beauty and the Beast (1991)', 'The Mask (1994)', 'Pulp Fiction (1994)', 'The Truman Show (1998)', 'The Little Rascals (1994)']"
752,"[318, 296, 858, 1213, 110, 593, 1721, 457, 2268]","[3917, 3141, 805, 2360, 3390, 329, 3423, 2787, 1094, 2575, 3410, 3005, 1694, 2406, 1726, 2243, 728, 1586, 3173, 1687, 3394, 339, 468, 700, 300, 2858, 1735, 3179, 349, 2672, 913, 2352, 2707, 3319, 3210, 1777, 45, 1668, 1412, 222, 1278, 3555, 3886, 288, 2329, 415, 1246, 2583, 3766, 3114, 2054, 2735, 3039, 2694, 2599, 3863, 1836, 3418, 948, 1, 506, 581, 2549, 1916, 185, 2076, 3260, 3753, 733, 3259, 1041, 1921, 3253, 2124, 2403, 2348, 1719, 1027, 2324, 1956, 342, 3527, 195, 3254, 374, 2167, 1947, 365, 2723, 3100, 1401, 2374, 1197, 3952, 2797, 466, 6, 2640, 3536, 647, 1485, 3851, 3718, 1175, 2912, 614, 1422, 2174, 1824, 3186, 1690, 3174, 2111, 110, 457, 1884, 2712, 359, 2355, 3267, 2950, 3565, 3408, 352, 1488, 265, 1363, 2871, 674, 858, 765, 88, 3877, 3478, 877, 2353, 2263, 2540, 1554, 494, 10, 2432, 1957, 1653, 1280, 1199, 2455, 1259, 1387, 383, 2605, 371, 25, 587, 2278, 3147, 3717, 1222, 1370, 1821, 111, 627, 2770, 1127, 337, 2236, 3264, 50, 1597, 3079, 1680]",3,"['The Shawshank Redemption (1994)', 'Pulp Fiction (1994)', 'The Godfather (1972)', 'Goodfellas (1990)', 'The Matrix (1999)', 'Braveheart (1995)', 'The Silence of the Lambs (1991)', 'Titanic (1997)', 'The Fugitive (1993)', 'A Few Good Men (1992)']"
1203,"[1721, 110, 1183, 318, 356, 296, 1704, 1682, 593]","[2579, 1272, 1556, 356, 1394, 3618, 305, 2289, 1043, 194, 444, 1399, 62, 1441, 2138, 14, 2771, 2313, 2542, 565, 736, 3155, 1285, 3697, 2617, 653, 923, 2490, 1357, 492, 1907, 3639, 2448, 435, 307, 2803, 432, 3717, 316, 288, 2507, 2470, 3802, 481, 1729, 5, 2859, 165, 3409, 2692, 480, 1517, 3300, 3948, 1222, 3510, 2598, 1343, 281, 924, 3108, 1726, 593, 3264, 707, 1644, 50, 928, 3148, 1503, 405, 1545, 1393, 2916, 1352, 785, 1077, 3598, 2571, 908, 3101, 2393, 1885, 802, 2024, 3426, 265, 2875, 1353, 81, 1127, 2395, 2990, 1917, 1912, 1187, 380, 2333, 2245, 2067, 2002, 1784, 3425, 2729, 724, 1092, 41, 866, 2278, 2827, 1603, 909, 1370, 1876, 1945, 3481, 35, 1295, 412, 2724, 47, 3156, 1562, 2054, 2297, 2572, 899, 3554, 242, 2590, 1379, 3408, 2437, 697, 586, 1678, 141, 474]",2,"['Titanic (1997)', 'Braveheart (1995)', 'The English Patient (1996)', 'The Shawshank Redemption (1994)', 'Forrest Gump (1994)', 'Pulp Fiction (1994)', 'The Matrix (1999)', 'Good Will Hunting (1997)', 'The Truman Show (1998)', 'The Silence of the Lambs (1991)']"
1889,"[1036, 2000, 420, 1197, 1270, 3868, 2918, 1682, 296, 318]","[1054, 3115, 1231, 493, 1704, 1205, 1240, 1256, 47, 208, 994, 3480, 3554, 3861, 3328, 588, 2291, 377, 329, 1296, 2490, 608, 1476, 3897, 1734, 1670, 3250, 543, 3219, 2599, 3141, 1821, 296, 1472, 2826, 3039, 919, 1663, 3753, 3865, 2194, 1285, 145, 3536, 1172, 380, 480, 800, 3203, 3770, 1957, 1500, 3316, 1012, 3249, 2949, 1805, 903, 3326, 2295, 3471, 592, 950, 1125, 3396, 1093, 1748, 2694, 1393, 3138, 10, 1759, 1722, 1662, 3272, 2268, 2959, 3515, 2605, 1954, 541, 2144, 1573, 1291, 1342, 293, 3534, 1694, 1753, 555, 3354, 2683, 1682, 2890, 663, 1193, 3703, 482, 280, 3444, 110, 316, 2166, 786]",2,"['Die Hard (1988)', 'Lethal Weapon (1987)', 'Beverly Hills Cop (1984)', 'The Princess Bride (1987)', 'Back to the Future (1985)', 'The Naked Gun: From the Files of Police Squad! (1988)', ""Ferris Bueller's Day Off (1986)"", 'The Truman Show (1998)', 'Pulp Fiction (1994)', 'The Shawshank Redemption (1994)']"
5795,"[1197, 1265, 2059, 500, 2124, 364, 1270, 1]","[2915, 2454, 435, 2072, 3087, 514, 2048, 2040, 254, 3016, 1682, 2004, 2134, 3717, 3638, 2795, 688, 1120, 2786, 434, 3039, 2882, 195, 164, 1459, 3564, 1259, 2255, 3600, 3387, 3440, 2991, 2936, 1032, 533, 3269, 329, 1866, 1977, 3471, 1885, 1986, 1387, 20, 628, 289, 2763, 1358, 356, 779, 1378, 3210, 1021, 265, 1882, 2146, 913, 3477, 661, 2762, 2143, 1372, 3528, 656, 2383, 1968, 222, 2657, 276, 3201, 3074, 3176, 861, 2028, 2901, 1588, 1474, 3397, 1194, 1894, 3041, 3042, 1405, 1304, 1410, 1421, 374, 3147, 2746, 125, 2455, 3461, 1584, 1801, 1201, 259, 2379, 2946, 2739, 3551, 1033, 379, 1269, 1497, 1947, 2404, 1207, 2090, 2529, 3157, 2301, 592, 1527, 597, 3330, 52, 3494, 47, 3274, 135, 2338, 1333, 2716, 2526, 2764, 427, 2326, 2724, 2961, 185, 3107, 1356, 198, 541, 2372, 3549, 952, 2018, 193, 2916, 2278, 1920, 1017, 1104, 1296, 2605, 543, 3088, 1094, 1162, 2052, 3354, 2501, 216, 3108, 647, 953, 172, 2291, 2012, 1179, 3508, 504, 447, 3148, 437, 2176, 1440, 78, 2140, 2080, 1544, 3252, 1249, 3469, 2327, 555, 1035, 3165, 10, 2302, 1439, 3390, 2617, 3420, 1731, 1845, 849, 382, 451, 421, 1513, 3421, 3451, 2124, 3102, 1376, 2565, 2174, 2088, 626, 2108, 1334, 1003, 3208, 1954, 1079]",1,"['The Princess Bride (1987)', 'Groundhog Day (1993)', 'The Mask (1994)', 'The Parent Trap (1998)', 'Shrek (2001)', 'Mrs. Doubtfire (1993)', 'The Addams Family (1991)', 'The Lion King (1994)', 'Back to the Future (1985)', 'Toy Story (1995)']"
4977,"[541, 1198, 457, 2762, 2916, 480, 318, 1240, 593]","[2360, 435, 2696, 2908, 1214, 3703, 3147, 2396, 1376, 454, 1197, 405, 1573, 2683, 2692, 3623, 2528, 2435, 1356, 780, 1371, 3471]",0,"['Blade Runner (1982)', 'Raiders of the Lost Ark (1981)', 'The Fugitive (1993)', 'The Sixth Sense (1999)', 'Total Recall (1990)', 'The Matrix (1999)', 'Jurassic Park (1993)', 'The Shawshank Redemption (1994)', 'The Terminator (1984)', 'The Silence of the Lambs (1991)']"
872,"[318, 296, 1213, 356, 858, 593, 2959, 1968, 1307]","[1956, 2600, 3819, 3751, 2985, 2628, 2976, 3076, 3897, 3594, 2161, 965, 1218, 3566, 1097, 1527, 3793, 3264]",0,"['The Shawshank Redemption (1994)', 'Pulp Fiction (1994)', 'Goodfellas (1990)', 'Forrest Gump (1994)', 'The Godfather (1972)', 'The Silence of the Lambs (1991)', 'The Departed (2006)', 'Fight Club (1999)', 'The Breakfast Club (1985)', 'When Harry Met Sally... (1989)']"
1465,"[1258, 1208, 1219, 1090, 1997, 1222, 2160, 1263, 1982, 1178]","[1017, 938, 1041, 2815, 432, 914, 2654, 3037, 2236, 1234, 3628, 1953, 2712, 3274, 3634, 3366, 3257, 2657, 2915, 1091, 2526, 3605, 2398, 1130, 1758, 3005, 2369, 1208, 3791, 2146, 3600, 1242, 3782, 3448, 3198, 2023, 3735, 1586, 2420, 2874, 2266, 1284, 2367, 1304, 3379, 3528, 1196, 3476, 1127, 1480, 1263, 2946, 858, 296, 1927, 805, 1944, 2110, 1957, 2736, 2797, 1997, 282, 2130, 1947, 86, 1676, 3508, 1544, 2669, 1302, 1084, 3019, 2739, 3441, 2135, 1610, 1198, 2872, 1204, 2490, 79, 2803, 1334, 1357, 2316, 800, 1019, 2393]",3,"['The Shining (1980)', 'Apocalypse Now (1979)', 'Psycho (1960)', 'Platoon (1986)', 'The Exorcist (1973)', 'Full Metal Jacket (1987)', ""Rosemary's Baby (1968)"", 'The Deer Hunter (1978)', 'Halloween (1978)', 'Paths of Glory (1957)']"
4131,"[1198, 1270, 2716, 1197, 1200, 1240, 480, 1036, 541]","[2723, 2015, 3384, 1073, 2082, 2828, 2038, 590, 3368, 260, 2401, 1258, 3508, 2490, 1278, 1378, 2105, 1097]",0,"['Raiders of the Lost Ark (1981)', 'Back to the Future (1985)', 'Ghostbusters (1984)', 'The Princess Bride (1987)', 'Aliens (1986)', 'The Terminator (1984)', 'Jurassic Park (1993)', 'Die Hard (1988)', 'The Lost Boys (1987)', 'Blade Runner (1982)']"
1856,"[1240, 1200, 541, 2668, 1270, 1347, 2985, 1258, 2916]","[3702, 1200, 788, 2531, 2454, 750, 2641, 1653, 2658, 1779, 780, 541, 593, 2664, 1748, 3175, 160, 3527]",2,"['The Terminator (1984)', 'Aliens (1986)', 'Blade Runner (1982)', 'The Thing (1982)', 'Back to the Future (1985)', 'A Nightmare on Elm Street (1984)', 'The Fly (1986)', 'RoboCop (1987)', 'The Shining (1980)', 'Total Recall (1990)']"
793,"[260, 1198, 1270, 1307, 1197, 912, 1097, 318, 1035, 1682]","[2949, 1375, 610, 3807, 903, 3499, 1210, 1598, 539, 3253, 3147, 1580, 3552, 2926, 588, 913, 2080, 3471, 2126, 2728, 529, 858, 2993, 1333, 953, 350, 2616, 3408, 2028]",0,"['Star Wars: Episode IV - A New Hope (1977)', 'Raiders of the Lost Ark (1981)', 'Back to the Future (1985)', 'When Harry Met Sally... (1989)', 'The Princess Bride (1987)', 'Casablanca (1942)', 'E.T. the Extra-Terrestrial (1982)', 'The Shawshank Redemption (1994)', 'The Sound of Music (1965)', 'The Truman Show (1998)']"
1714,"[1036, 2000, 2273, 2791, 1265, 356, 1197, 1682, 1, 364]","[316, 1476, 1394, 2470, 1296, 2116, 2478, 3479, 1500, 173, 541, 2371, 1300, 372, 2916, 3, 1101, 3864, 2406, 2384, 1298, 2968, 2463, 3060, 2948, 2359, 1375, 550, 243, 2502, 3523, 2915, 468, 1148, 1441, 3809, 1220, 587, 551, 370, 1321, 2791]",1,"['Die Hard (1988)', 'Lethal Weapon (1987)', 'Rush Hour (1998)', 'Airplane! (1980)', 'Groundhog Day (1993)', 'Forrest Gump (1994)', 'The Princess Bride (1987)', 'The Truman Show (1998)', 'Toy Story (1995)', 'The Lion King (1994)', 'Enjoy watching!']"
6001,"[292, 457, 380, 1408, 377, 3257, 434, 1610, 2916, 101]","[1213, 296, 3219, 2470, 2346, 3203, 3481, 2985, 1784, 1295, 3649, 3733, 16, 2950, 2712, 412, 457, 3676, 1552, 2373, 1680, 260, 3729, 132, 1913, 1892, 2600, 1964, 1089, 903, 1249, 2997, 999, 1373, 2396]",1,"['Point Break (1991)', 'The Fugitive (1993)', 'True Lies (1994)', 'The Last of the Mohicans (1992)', 'Speed (1994)', 'The Bodyguard (1992)', 'Cliffhanger (1993)', 'The Hunt for Red October (1990)', 'Total Recall (1990)', 'The Rock (1996)']"
1270,"[318, 296, 858, 2959, 593, 1213, 3578, 2762]","[3300, 3755, 3325, 3793, 3863]",0,"['The Shawshank Redemption (1994)', 'Pulp Fiction (1994)', 'The Godfather (1972)', 'Fight Club (1999)', 'The Matrix (1999)', 'The Silence of the Lambs (1991)', 'Goodfellas (1990)', 'The Departed (2006)', 'Gladiator (2000)', 'The Sixth Sense (1999)']"
3172,"[2761, 1527, 541, 480, 1266, 1580, 780, 1682, 260]","[1193, 3265, 316, 3802, 2247, 1060, 293, 1175, 736, 28, 296, 3751, 2916, 1580, 3764, 2001, 750, 745, 3114]",1,"['The Iron Giant (1999)', 'The Fifth Element (1997)', 'Blade Runner (1982)', 'The Matrix (1999)', 'Jurassic Park (1993)', 'Unforgiven (1992)', 'Men in Black (1997)', 'Independence Day (1996)', 'The Truman Show (1998)', 'Star Wars: Episode IV - A New Hope (1977)']"
1592,"[1208, 541, 1198, 1240, 1222, 1200, 318, 1206, 1090, 260]","[367, 2527, 3481, 3039, 3176, 2788, 2424, 1220, 3462, 3566, 2020, 2076, 3638, 2804, 2870, 3168, 3262, 3253, 364, 736, 2399, 1920, 1276, 2352, 1214, 1090, 1304, 1674, 1198, 1270, 1298, 1104, 3174, 914, 3948, 1200, 2015, 1380, 3725, 1183, 3671, 158, 2455, 2628, 3188, 1242]",3,"['Apocalypse Now (1979)', 'Blade Runner (1982)', 'Raiders of the Lost Ark (1981)', 'The Terminator (1984)', 'Full Metal Jacket (1987)', 'Aliens (1986)', 'The Shawshank Redemption (1994)', 'A Clockwork Orange (1971)', 'Platoon (1986)', 'Star Wars: Episode IV - A New Hope (1977)']"
605,"[593, 296, 318, 2959, 1487, 2762, 2858, 50, 1213, 608]","[1726, 410, 3005, 3107, 1485, 73, 2028, 260, 3546, 1584, 2490, 1721, 608]",1,"['The Silence of the Lambs (1991)', 'Pulp Fiction (1994)', 'The Shawshank Redemption (1994)', 'Fight Club (1999)', 'Se7en (1995)', 'The Sixth Sense (1999)', 'American Beauty (1999)', 'The Usual Suspects (1995)', 'Goodfellas (1990)', 'Fargo (1996)']"
170,"[1219, 858, 1206, 1258, 296, 593, 1089, 1997, 1213, 1487]","[1591, 1204, 1036, 2657, 1253, 2701, 1200, 1097, 3578, 3300, 1206, 1225, 3755, 3624]",1,"['Psycho (1960)', 'The Godfather (1972)', 'A Clockwork Orange (1971)', 'The Shining (1980)', 'Pulp Fiction (1994)', 'The Silence of the Lambs (1991)', 'Reservoir Dogs (1992)', 'The Exorcist (1973)', 'Goodfellas (1990)', 'Seven (1995)']"
3564,"[1407, 1580, 165, 1487, 480, 296, 589, 457, 593]","[891, 2291, 3837, 3476, 70, 1215, 2985, 3499, 2338, 1992, 1792, 474, 2628, 2514, 1342, 1200, 1999, 1882, 1379, 3770, 2336, 1779, 2058, 2353, 1645, 1544, 1396, 2154, 799]",0,"['Scream (1996)', 'Men in Black (1997)', 'Die Hard: With a Vengeance (1995)', 'The Matrix (1999)', 'Seven (1995)', 'Jurassic Park (1993)', 'Pulp Fiction (1994)', 'Terminator 2: Judgment Day (1991)', 'The Fugitive (1993)', 'The Silence of the Lambs (1991)']"
2895,"[1580, 2716, 1527, 3175, 589, 1517, 3033, 380, 1391]","[1204, 1544, 3760, 2355, 2002, 2917, 3865, 2996, 1240, 1957, 2243, 1173, 3740, 2805, 1892, 3505, 1189, 3624, 3135, 2409, 390, 3105, 364, 1307, 3360, 1722, 1429, 446, 1079, 3175, 1208, 1060, 2134, 1179, 866, 592, 3060, 3148, 34, 3753, 19, 1193, 1278, 1639, 2410, 235, 3185, 2302, 380, 3420, 3408, 1721, 1711, 1641, 429, 1747, 3706, 555, 3618, 454, 2335, 2915, 1262, 1393, 3317, 3005, 356, 2431, 1876, 3809, 3683, 3909, 2273, 3698, 2881, 2463, 173, 3197]",2,"['Men in Black (1997)', 'Ghostbusters (1984)', 'The Fifth Element (1997)', 'Galaxy Quest (1999)', 'Terminator 2: Judgment Day (1991)', 'Austin Powers: International Man of Mystery (1997)', 'Spaceballs (1987)', 'True Lies (1994)', 'The Mask (1994)', 'Mars Attacks! (1996)']"
3780,"[2716, 1240, 1200, 1347, 1270, 1036, 480, 1407, 1527]","[1625, 3764, 2857, 3396, 750, 1028, 2796, 2985, 780, 2087, 1282, 1210, 272, 541, 1321, 1036, 2100, 2085, 1909, 2289, 3359, 1831, 2054, 3397, 2115, 1097, 1023, 1968, 3324, 2088, 2640, 1957, 1639, 1380, 1030, 1230, 3745, 2749, 1584, 2788, 1947, 2018, 1287, 1921, 3082, 2340, 589, 1, 2017, 2034, 2139, 2529]",1,"['Ghostbusters (1984)', 'The Terminator (1984)', 'Aliens (1986)', 'A Nightmare on Elm Street (1984)', 'Back to the Future (1985)', 'The Lost Boys (1987)', 'Die Hard (1988)', 'Jurassic Park (1993)', 'Scream (1996)', 'The Fifth Element (1997)']"
631,"[910, 908, 912, 1230, 904, 1208, 296, 1213]","[1200, 1527, 2073, 39, 1401, 2115, 2716, 1148, 750, 2289, 534, 2378, 1321, 2427, 3543, 2407, 1994, 318, 2858, 3039, 2176, 1267, 1953, 260, 3481, 1186, 3671, 1221, 1269, 151, 1610, 2918, 2611, 2734, 1425, 904, 2268, 1231, 1297, 1097, 3591, 1923, 1266, 2003, 2496, 1584, 1035, 2841, 3480, 1247, 3095, 1954, 1248, 1291, 799, 2312, 3087, 3418, 2915, 3388, 2968, 3360]",1,"['""Some Like It Hot"" (1959)', '""North by Northwest"" (1959)', '""Casablanca"" (1942)', '""Annie Hall"" (1977)', '""The Godfather"" (1972)', '""Rear Window"" (1954)', '""The Graduate"" (1967)', '""Apocalypse Now"" (1979)', '""Pulp Fiction"" (1994)', '""Goodfellas"" (1990)']"
86,"[1307, 1270, 1197, 539, 480, 597, 2081, 587, 1527]","[552, 920, 2628, 3118, 3147, 1013, 2184, 54, 2762, 903]",0,"['When Harry Met Sally... (1989)', 'Back to the Future (1985)', 'The Princess Bride (1987)', 'Sleepless in Seattle (1993)', 'Jurassic Park (1993)', 'Pretty Woman (1990)', 'The Little Mermaid (1989)', 'The Mask (1994)', 'Ghost (1990)', 'The Fifth Element (1997)']"
4242,"[589, 1676, 1370, 2916, 110, 457, 380, 101, 377]","[11, 1882, 688, 3755, 480, 3697, 1616, 380, 849, 3268, 3450, 500, 1265, 1037, 10, 2490, 2701, 2082, 1690, 1385]",1,"['Terminator 2: Judgment Day (1991)', 'Starship Troopers (1997)', 'Die Hard 2 (1990)', 'Total Recall (1990)', 'Braveheart (1995)', 'The Fugitive (1993)', 'True Lies (1994)', 'The Rock (1996)', 'Speed (1994)', 'The Matrix (1999)']"
5148,"[457, 2762, 296, 50, 1617, 1682, 2959, 2858, 318, 1487]","[2712, 2395, 3418, 377, 1358, 417, 733, 2706, 1213, 3176, 1617, 292]",1,"['The Fugitive (1993)', 'The Sixth Sense (1999)', 'Pulp Fiction (1994)', 'The Usual Suspects (1995)', 'L.A. Confidential (1997)', 'The Truman Show (1998)', 'Fight Club (1999)', 'American Beauty (1999)', 'The Shawshank Redemption (1994)', 'Se7en (1995)']"
3227,"[1265, 1197, 356, 296, 1682, 1704, 318, 1784, 1732, 2396]","[2249, 1298, 1344, 3225, 104, 1544, 1870, 3261, 3535, 260, 141, 357, 2248, 1354, 3004, 2020, 34, 1230, 3869, 1291, 2245, 1184, 2186, 2920, 144, 157, 1, 2581, 174, 1455, 2355, 3481, 2302, 2268, 308, 1535, 1968, 3019, 1080, 50, 838, 592, 1089, 3408, 1911, 2504, 344, 1923, 2926, 515, 1454]",0,"['Groundhog Day (1993)', 'The Princess Bride (1987)', 'Forrest Gump (1994)', 'Pulp Fiction (1994)', 'The Truman Show (1998)', 'Good Will Hunting (1997)', 'The Shawshank Redemption (1994)', 'As Good as It Gets (1997)', 'The Big Lebowski (1998)', 'Shakespeare in Love (1998)']"
3402,"[1208, 1201, 2791, 1263, 1198, 3671, 1193, 1262, 1136]","[3104, 661, 1953, 935, 1078, 907, 1079, 3365, 2369, 1276, 965, 3157, 2212, 3578, 2206, 2396, 3462, 1419, 3160, 2897, 562, 1282, 2324, 1084, 1234, 1264, 1280, 3471, 2359, 945, 3306, 2920, 904, 1278, 2366, 1193, 2042, 1035, 1104, 3811, 58, 2644, 1345, 2227, 356, 3813, 903, 1244, 2664, 1179, 1066, 1259, 28, 3700, 1220, 1333, 2215]",1,"['Apocalypse Now (1979)', 'The Good, the Bad and the Ugly (1966)', 'Airplane! (1980)', 'The Deer Hunter (1978)', 'Raiders of the Lost Ark (1981)', 'Blazing Saddles (1974)', ""One Flew Over the Cuckoo's Nest (1975)"", 'The Great Escape (1963)', 'Monty Python and the Holy Grail (1975)', 'The Empire Strikes Back (1980)']"
2786,"[1036, 1258, 296, 1208, 1240, 593, 110, 2000]","[223, 3196, 1221, 316, 1234, 2915, 3198, 1212, 1278, 3638, 150, 3555, 3635, 1200, 1193, 2289, 3608, 1270, 39, 47, 1092, 921, 3408, 2890, 3438, 933, 1244, 2802, 2599, 1997, 1952, 497, 480]",0,"['Die Hard (1988)', 'Indiana Jones and the Raiders of the Lost Ark (1981)', 'The Shining (1980)', 'Pulp Fiction (1994)', 'Apocalypse Now (1979)', 'The Terminator (1984)', 'The Silence of the Lambs (1991)', 'Braveheart (1995)', 'Lethal Weapon (1987)', 'The Matrix (1999)']"
405,"[318, 296, 2959, 2028, 858, 1208, 1090, 2268, 1222]","[58, 154, 62, 1304, 3685, 3671, 1727, 1265, 3363]",0,"['The Shawshank Redemption (1994)', 'Pulp Fiction (1994)', 'Fight Club (1999)', 'Saving Private Ryan (1998)', 'The Godfather (1972)', 'Apocalypse Now (1979)', 'The Departed (2006)', 'Platoon (1986)', 'A Few Good Men (1992)', 'Full Metal Jacket (1987)']"
5863,"[1682, 2396, 2028, 2006, 1527, 1393, 2671, 1777, 1917, 1784]","[1617, 2762]",0,"['The Truman Show (1998)', 'Shakespeare in Love (1998)', 'Saving Private Ryan (1998)', 'The Mask of Zorro (1998)', 'The Fifth Element (1997)', 'Jerry Maguire (1996)', 'Notting Hill (1999)', 'The Wedding Singer (1998)', 'Armageddon (1998)', 'As Good as It Gets (1997)']"
3888,"[1198, 1197, 1097, 356, 318, 1270, 2005, 1035, 858, 953]","[912, 3471, 2067, 3386, 905, 1617, 1276, 3578, 2208, 922, 1292, 2132, 2019, 1193, 1197, 2020, 926, 904, 2291, 1224]",1,"['Raiders of the Lost Ark (1981)', 'The Princess Bride (1987)', 'E.T. the Extra-Terrestrial (1982)', 'Forrest Gump (1994)', 'The Shawshank Redemption (1994)', 'Back to the Future (1985)', 'The Goonies (1985)', 'The Sound of Music (1965)', 'The Godfather (1972)', ""It's a Wonderful Life (1946)""]"
1666,"[357, 296, 1682, 1732, 2396, 1265, 39, 318, 1307]","[3108, 1573, 1676, 2006, 1363, 1615, 1198, 3275, 1556, 2501, 3147, 2324, 1201, 1060, 2166, 14, 3250, 319, 1876, 333, 2445, 2725, 2991, 991, 1617, 1721, 1616, 1693, 1747, 1407, 147, 2771, 1783, 1619, 1552, 2805, 852, 110, 3219, 2558, 2915, 2916, 2676, 3578, 2560, 2881, 2688, 2605]",0,"['""Four Weddings and a Funeral"" (1994)', '""Pulp Fiction"" (1994)', '""The Truman Show"" (1998)', '""The Big Lebowski"" (1998)', '""Shakespeare in Love"" (1998)', '""The Fugitive"" (1993)', '""Groundhog Day"" (1993)', '""Clueless"" (1995)', '""The Shawshank Redemption"" (1994)', '""When Harry Met Sally..."" (1989)']"
5496,"[1407, 2762, 1682, 1258, 296, 593, 2174, 2710, 2858, 551]","[260, 247, 3481, 3623, 1617, 50, 1265, 1653, 2770, 1635, 1127, 2759, 2599, 581, 2333, 2706]",0,"['Scream (1996)', 'The Sixth Sense (1999)', 'The Truman Show (1998)', 'The Shining (1980)', 'Pulp Fiction (1994)', 'The Silence of the Lambs (1991)', 'Beetlejuice (1988)', 'The Blair Witch Project (1999)', 'American Beauty (1999)', 'The Nightmare Before Christmas (1993)']"
3847,"[2791, 1580, 3671, 457, 1270, 2000, 2762, 1198, 3868, 1036]","[708, 185, 2986, 3703, 1682, 475, 3727, 3361, 147, 48, 2145, 3087, 2657, 3107, 1597, 2640, 2261, 1089, 1233, 2288, 2373, 151, 2558, 1073, 1777, 2431, 2540, 2771, 2502, 2011, 208, 592, 1261, 1198, 1372, 3809, 1704, 1732, 500, 588, 2450, 2134, 2793, 2507, 3591, 1120, 3300, 2278, 788, 2193, 3070, 2549, 150, 3448, 1608, 802, 1370, 2428]",1,"['Airplane! (1980)', 'Men in Black (1997)', 'Blazing Saddles (1974)', 'The Fugitive (1993)', 'Back to the Future (1985)', 'Lethal Weapon (1987)', 'The Sixth Sense (1999)', 'Raiders of the Lost Ark (1981)', 'The Naked Gun: From the Files of Police Squad! (1988)', 'Die Hard (1988)']"
3512,"[296, 480, 318, 589, 593, 1213, 1200, 1036, 1270]","[2324, 1372, 3844, 180, 1682, 1298, 3673, 2686, 2137, 3000, 168, 204, 1207, 509, 2161, 293, 1342, 2398, 2053, 1092, 1224, 2321, 750, 1617, 1287, 151, 637, 367, 3033, 1080, 3418, 2231, 62, 3258, 2375, 1702, 1957, 1205, 3247, 2572, 2987, 592, 2302, 2421, 1645, 491, 1882, 2054, 996, 3120, 3477, 1500, 1103, 1, 586, 2193, 1387]",0,"['Pulp Fiction (1994)', 'The Matrix (1999)', 'Jurassic Park (1993)', 'The Shawshank Redemption (1994)', 'Terminator 2: Judgment Day (1991)', 'The Silence of the Lambs (1991)', 'Goodfellas (1990)', 'Aliens (1986)', 'Die Hard (1988)', 'Back to the Future (1985)']"
1799,"[2858, 318, 296, 527, 2959, 110, 858, 1213, 1183, 2268]","[1249, 3246, 480, 1266, 337, 523, 535, 3951, 1639, 1095, 2268, 150, 2303, 2291, 2289, 2391]",1,"['American Beauty (1999)', 'The Shawshank Redemption (1994)', 'Pulp Fiction (1994)', ""Schindler's List (1993)"", 'Fight Club (1999)', 'Braveheart (1995)', 'The Godfather (1972)', 'Goodfellas (1990)', 'The English Patient (1996)', 'A Few Good Men (1992)']"
3724,"[296, 593, 1258, 2762, 608, 1682, 50, 2858, 1487, 2959]","[1982, 628, 3873, 1405, 272, 2752, 2037, 2248, 1263, 1025, 3712, 1810, 1381, 445, 1213, 3175, 1207, 1198, 1199, 1291, 1272, 3497, 1129, 3101, 410, 2379, 372, 2286, 2946, 2567, 3114, 1258, 610, 2028, 2040, 122, 3526, 1029, 1077, 2423, 2990, 1278, 1912, 2004, 236, 1231, 1614, 248, 3258, 2184, 3504, 2890, 1457, 1588, 145, 2380, 3033, 2011, 1641, 2706, 1266, 2384, 1219, 1321, 300, 1222, 1081, 647, 1374, 520, 1242, 3812, 253, 1299, 1610, 153, 1748, 1250, 2746, 3685, 1408, 537, 454, 2051, 1541, 586, 919]",1,"['Pulp Fiction (1994)', 'The Silence of the Lambs (1991)', 'The Shining (1980)', 'The Sixth Sense (1999)', 'Fargo (1996)', 'The Truman Show (1998)', 'The Usual Suspects (1995)', 'American Beauty (1999)', 'Se7en (1995)', 'Fight Club (1999)']"
2208,"[2959, 2858, 2762, 1682, 50, 1580, 1485, 457, 318]","[1910, 457, 3252, 2761, 300, 1230, 111, 3481, 1060, 3147, 2412, 2409, 1812, 1431, 2470, 2750, 3869, 52, 1694, 39, 2411, 1883, 608, 3174, 312, 592, 2858, 3176, 2683, 2371, 1407, 1635, 3552]",2,"['The Matrix (1999)', 'Fight Club (1999)', 'American Beauty (1999)', 'The Sixth Sense (1999)', 'The Truman Show (1998)', 'The Usual Suspects (1995)', 'Men in Black (1997)', 'Liar Liar (1997)', 'The Fugitive (1993)', 'The Shawshank Redemption (1994)']"
1879,"[1198, 1270, 1197, 541, 2716, 1036, 1240, 480, 2000, 318]","[1840, 474, 1049, 1408, 3198, 74, 1206, 3259, 1394, 3252, 1079, 480, 912, 2763, 475, 924, 1200, 1073, 368, 608, 1673, 440, 1727, 1476, 2322, 47, 589, 1294, 3108, 2006, 1222, 2762, 380, 1240, 2353, 459, 110]",2,"['Raiders of the Lost Ark (1981)', 'Back to the Future (1985)', 'The Princess Bride (1987)', 'Blade Runner (1982)', 'Ghostbusters (1984)', 'Die Hard (1988)', 'The Terminator (1984)', 'Jurassic Park (1993)', 'Lethal Weapon (1987)', 'The Shawshank Redemption (1994)', 'Enjoy watching!']"
24,"[527, 1721, 356, 1704, 1393, 539, 2671, 1183, 110, 1682]","[2100, 597, 1377, 1704, 3039, 2858, 858, 2987, 648, 175, 1633, 2797, 1958, 2657, 296, 2836]",1,"[""Schindler's List (1993)"", 'Titanic (1997)', 'Forrest Gump (1994)', 'Good Will Hunting (1997)', 'Jerry Maguire (1996)', 'Sleepless in Seattle (1993)', 'Notting Hill (1999)', 'The English Patient (1996)', 'Braveheart (1995)', 'The Truman Show (1998)']"
2098,"[296, 593, 1487, 50, 2959, 2762, 1089, 457, 1407, 6]","[3249, 1841, 1047, 36, 1686, 2713, 731, 2391, 1407, 1909, 2599, 494, 1527, 2107, 225, 379, 2997, 2530, 2916, 2672, 742, 832, 1999, 332, 2827, 3114, 2322, 185, 10, 1963, 2699, 707, 1200, 1339, 1552, 1396, 2701, 1779, 3176, 223, 2840, 1754, 919, 3802, 2328, 464, 1690, 3552, 2455, 3897, 2915, 3810, 329, 606, 1427, 454, 2279, 2692, 2561]",1,"['Pulp Fiction (1994)', 'The Silence of the Lambs (1991)', 'Se7en (1995)', 'The Usual Suspects (1995)', 'Fight Club (1999)', 'The Sixth Sense (1999)', 'Reservoir Dogs (1992)', 'The Fugitive (1993)', 'Scream (1996)', 'Heat (1995)']"
5715,"[541, 1036, 1240, 296, 6, 457, 1487, 318, 2959]","[1214, 3638, 3578, 2987, 1242, 1196, 2916, 3052, 1601, 2019, 610, 1240]",1,"['Blade Runner (1982)', 'Die Hard (1988)', 'The Terminator (1984)', 'Pulp Fiction (1994)', 'The Matrix (1999)', 'Heat (1995)', 'The Fugitive (1993)', 'Seven (1995)', 'The Shawshank Redemption (1994)', 'Fight Club (1999)', 'Enjoy watching!']"
224,"[1265, 2124, 1682, 676, 3175, 608, 1580, 1641, 357, 1527]","[1265, 3466, 2282, 3052, 3072, 1678, 144, 2321, 3553, 1, 1079, 1653, 3793, 648, 1648, 3594, 2174, 2125, 955, 3555, 3536, 1207, 1197, 1748, 1968, 1083, 2628, 1095, 800, 1441]",1,"['Groundhog Day (1993)', 'The Addams Family (1991)', 'The Truman Show (1998)', 'The Birdcage (1996)', 'Galaxy Quest (1999)', 'Fargo (1996)', 'Men in Black (1997)', 'The Full Monty (1997)', 'Four Weddings and a Funeral (1994)', 'The Fifth Element (1997)']"
1890,"[364, 1035, 1, 1198, 318, 1266, 899, 1201, 595, 356]","[2664, 3700, 3362, 1284, 1291, 2501, 3813, 1028, 608, 541, 3153, 3729, 2017, 2746, 296, 594, 2099, 1277, 2054, 1387, 1078, 2303, 1, 940, 2640, 968, 908, 1465, 2366, 950, 1220, 2019, 2015, 232]",1,"['The Lion King (1994)', '5/5', 'The Sound of Music (1965)', '5/5', 'Toy Story (1995)', '5/5', 'Raiders of the Lost Ark (1981)', 'The Shawshank Redemption (1994)', '5/5', 'Unforgiven (1992)', ""Singin' in the Rain (1952)"", '5/5', 'The Good, the Bad and the Ugly (1966)', 'Beauty and the Beast (1991)', '5/5', 'Forrest Gump (1994)', '5/5']"
2570,"[296, 318, 2959, 1721, 110, 457, 356, 1682, 2396]","[1094, 1610, 1784, 1460, 590, 2291, 266, 1619, 1265, 68, 34]",0,"['Pulp Fiction (1994)', 'The Shawshank Redemption (1994)', 'Fight Club (1999)', 'Titanic (1997)', 'Braveheart (1995)', 'The Fugitive (1993)', 'Forrest Gump (1994)', 'The Matrix (1999)', 'The Truman Show (1998)', 'Shakespeare in Love (1998)']"
5507,"[1682, 1580, 2762, 2273, 1485, 2006, 457, 1517, 101, 1923]","[3016, 2355, 2038, 1682, 265]",1,"['The Truman Show (1998)', 'Men in Black (1997)', 'The Sixth Sense (1999)', 'Rush Hour (1998)', 'Liar Liar (1997)', 'The Mask of Zorro (1998)', 'The Fugitive (1993)', 'Austin Powers: International Man of Mystery (1997)', 'The Rock (1996)', ""There's Something About Mary (1998)""]"
550,"[296, 1240, 1213, 1036, 2000, 318, 541, 1089, 6, 50]","[2130, 7, 1954, 21, 1894, 2384, 2088, 1010, 45, 2640, 3099, 3147, 94, 2355, 2193, 1907, 450, 471, 2405, 208, 72, 2993, 1784, 3307, 720, 2946, 2968, 2410, 2433, 25, 736, 2511, 2108, 673, 765, 1387, 86, 1289, 2009, 610, 1211, 1419, 2095, 2142, 596, 3035, 3052, 1920, 3316, 3705, 1293, 2953, 2115, 1702, 165, 3654, 788, 3401, 593, 551, 930, 2746, 1230, 3257, 2717, 778, 3199, 290, 2102, 125, 3429, 494, 289, 3911, 3740, 1012, 2795, 507, 2087, 3868, 1306, 2408, 3100, 1682, 2366, 2000, 2097, 1129, 265, 464, 3254, 1016, 952, 2167, 118, 1042, 313, 89, 2011, 3614, 2738, 2144, 224, 3755, 22, 2311, 533, 1777, 2303, 3676, 3500, 2667, 2938, 2002, 87, 909, 158, 1100, 434, 2947, 3358, 3253, 3593, 1967, 2352, 880, 2470, 3501, 16, 2863, 2294, 2021, 3745, 2003, 1660, 3104, 743]",1,"['Pulp Fiction (1994)', 'The Terminator (1984)', 'Goodfellas (1990)', 'Die Hard (1988)', 'Lethal Weapon (1987)', 'The Shawshank Redemption (1994)', 'Blade Runner (1982)', 'Reservoir Dogs (1992)', 'Heat (1995)', 'The Usual Suspects (1995)']"
3142,"[1258, 593, 904, 858, 1252, 903, 1997, 296, 2762, 1206]","[1261, 2968, 1094, 1273, 750, 903, 1213, 2858, 3006, 1237, 1358]",1,"['The Shining (1980)', 'The Silence of the Lambs (1991)', 'Rear Window (1954)', 'The Godfather (1972)', 'Chinatown (1974)', 'Vertigo (1958)', 'The Exorcist (1973)', 'Pulp Fiction (1994)', 'The Sixth Sense (1999)', 'A Clockwork Orange (1971)']"
3968,"[1036, 589, 1198, 2000, 1270, 377, 480, 380, 780]","[648, 353, 479, 3623, 1198, 1429, 2278, 6, 3256, 349]",1,"['Die Hard (1988)', 'Terminator 2: Judgment Day (1991)', 'Raiders of the Lost Ark (1981)', 'Lethal Weapon (1987)', 'The Matrix (1999)', 'Back to the Future (1985)', 'Speed (1994)', 'Jurassic Park (1993)', 'True Lies (1994)', 'Independence Day (1996)']"
3994,"[1193, 1230, 296, 1213, 829, 2791, 1252, 1197]","[589, 2324, 2746, 1562, 1580, 597, 434, 2108, 2025, 1952, 2463, 7, 761, 674, 3809, 2321, 2759, 3421, 2657, 3516, 1288, 3753, 923, 2640, 1391]",0,"['""One Flew Over the Cuckoo\'s Nest"" (1975)', '""Annie Hall"" (1977)', '""Pulp Fiction"" (1994)', '""The Graduate"" (1967)', '""Goodfellas"" (1990)', '""The Apartment"" (1960)', '""The Godfather"" (1972)', '""Airplane!"" (1980)', '""Chinatown"" (1974)', '""The Princess Bride"" (1987)']"
159,"[1307, 539, 357, 1265, 1197, 597, 356, 39, 1569, 1784]","[3255, 2710, 2683]",0,"['When Harry Met Sally... (1989)', 'Sleepless in Seattle (1993)', 'Four Weddings and a Funeral (1994)', 'Groundhog Day (1993)', 'The Princess Bride (1987)', 'Pretty Woman (1990)', 'Forrest Gump (1994)', 'Clueless (1995)', ""My Best Friend's Wedding (1997)"", 'As Good as It Gets (1997)', 'Enjoy watching!']"
1177,"[539, 1393, 2671, 1682, 1569, 1777, 1784, 2424, 318, 1265]","[551, 858, 3457, 3429, 593, 3932, 480, 3753]",0,"['Sleepless in Seattle (1993)', 'Jerry Maguire (1996)', 'Notting Hill (1999)', 'The Truman Show (1998)', ""My Best Friend's Wedding (1997)"", 'The Wedding Singer (1998)', 'As Good as It Gets (1997)', ""You've Got Mail (1998)"", 'The Shawshank Redemption (1994)', 'Groundhog Day (1993)']"
5677,"[318, 595, 356, 364, 1307, 527, 588, 3147, 1, 539]","[141, 2683, 736, 457, 367, 2929, 2302, 2501, 2390, 3108, 2987, 527, 1672, 2700, 592, 1226, 2132, 1294, 1393, 1883, 1573, 648, 2858, 480, 1210, 2391, 1245, 161, 1029, 1722, 1030, 2926, 3246, 1104, 2013, 1247, 3451, 3552, 2406, 1096, 1674, 3249]",1,"['The Shawshank Redemption (1994)', 'Beauty and the Beast (1991)', 'Forrest Gump (1994)', 'The Lion King (1994)', 'When Harry Met Sally... (1989)', ""Schindler's List (1993)"", 'Aladdin (1992)', 'The Green Mile (1999)', 'Toy Story (1995)', 'Sleepless in Seattle (1993)']"
2156,"[110, 266, 1197, 318, 457, 3147, 1291, 1682, 1266]","[3525, 223, 296, 2700, 1088, 2315, 2170, 1371, 1356, 2787, 1126, 2094, 1580, 1197, 1573, 288, 3173, 1136, 2901, 1350, 1302, 1014, 1223, 2078, 24, 2471, 1884, 1253, 3771, 3476, 1387, 44, 2009, 1017, 1013, 367, 910, 610, 1487, 20, 2944, 260, 1200, 3930, 2081, 1584, 3253, 161]",1,"['Braveheart (1995)', 'Legends of the Fall (1994)', 'The Princess Bride (1987)', 'The Shawshank Redemption (1994)', 'The Fugitive (1993)', 'The Green Mile (1999)', 'Indiana Jones and the Last Crusade (1989)', 'The Truman Show (1998)', 'The Matrix (1999)', 'Unforgiven (1992)']"
3216,"[1270, 1197, 1198, 2716, 1036, 480, 356, 318, 1580, 780]","[342, 2019, 1188, 2202, 480, 1293, 2396, 3470, 3469, 1231, 2238, 2657, 1228, 2946, 1172, 2000, 2745, 3033, 247, 645, 223, 1095, 2108, 2987, 1220, 3175, 2020, 1960, 2094, 467, 2890, 32, 1371, 2609, 1968, 198, 748, 3308, 1233, 1150, 1207, 2282, 838, 924, 2883]",1,"['Back to the Future (1985)', 'The Princess Bride (1987)', 'Raiders of the Lost Ark (1981)', 'Ghostbusters (1984)', 'Die Hard (1988)', 'Jurassic Park (1993)', 'Forrest Gump (1994)', 'The Shawshank Redemption (1994)', 'Men in Black (1997)', 'Independence Day (1996)']"
474,"[1517, 1580, 1682, 2273, 1485, 1527, 2858, 1923, 1704]","[3107, 539, 27, 782, 551, 2291, 482, 2329, 3624, 552, 110, 1629, 1721, 1396, 2826, 1517, 708, 331, 1590, 1320, 1639, 105, 1431, 3543, 1680, 2857, 1127, 2770, 3386, 1268, 2683, 1266, 2723, 1407, 1704, 1513, 3835, 1288, 999, 2628, 509]",2,"['Austin Powers: International Man of Mystery (1997)', 'Men in Black (1997)', 'The Truman Show (1998)', 'Rush Hour (1998)', 'Liar Liar (1997)', 'The Fifth Element (1997)', 'American Beauty (1999)', ""There's Something About Mary (1998)"", 'The Matrix (1999)', 'Good Will Hunting (1997)']"
5581,"[1198, 1270, 1036, 2716, 1197, 2000, 589, 2406, 555]","[1196, 2000, 493, 1617]",1,"['Raiders of the Lost Ark (1981)', 'Back to the Future (1985)', 'Die Hard (1988)', 'Ghostbusters (1984)', 'The Princess Bride (1987)', 'Lethal Weapon (1987)', 'Terminator 2: Judgment Day (1991)', 'Romancing the Stone (1984)', 'The Mask (1994)', 'True Romance (1993)']"
2138,"[1580, 1527, 1676, 2167, 1682, 1748, 1584, 1909, 1653]","[1831, 880, 3175, 1779, 1690, 442, 1876, 2428, 2916]",0,"['The Matrix (1999)', 'Men in Black (1997)', 'The Fifth Element (1997)', 'Starship Troopers (1997)', 'Blade (1998)', 'The Truman Show (1998)', 'Dark City (1998)', 'Contact (1997)', 'The X-Files: Fight the Future (1998)', 'Gattaca (1997)']"
95,"[296, 1487, 457, 6, 50, 2268, 1089, 2762, 318, 593]","[1089, 1233, 2324, 73, 1500, 349, 3147, 2268, 345, 457, 1446, 2278, 3246, 446, 368, 1393, 2002, 377]",3,"['Pulp Fiction (1994)', 'Seven (1995)', 'The Fugitive (1993)', 'Heat (1995)', 'The Usual Suspects (1995)', 'A Few Good Men (1992)', 'Reservoir Dogs (1992)', 'The Sixth Sense (1999)', 'The Shawshank Redemption (1994)', 'The Silence of the Lambs (1991)']"
2886,"[165, 648, 457, 380, 377, 1573, 101, 1552, 1917]","[349, 3107, 886, 780, 292, 1858, 996, 1049]",0,"['The Matrix (1999)', 'Die Hard with a Vengeance (1995)', 'Mission: Impossible (1996)', 'The Fugitive (1993)', 'True Lies (1994)', 'Speed (1994)', 'Face/Off (1997)', 'The Rock (1996)', 'Con Air (1997)', 'Armageddon (1998)']"
4640,"[1347, 1, 2124, 2081, 2174, 364, 2716, 1197, 588, 1265]","[1197, 3107, 2706, 1676, 586, 3948, 2335, 2455, 593, 364, 1641, 1556, 3916, 1373, 3743, 1275, 924, 2822, 3793, 1101, 2054, 1370, 1517, 2089, 2617, 172, 1882, 1544, 592, 3624]",2,"['A Nightmare on Elm Street (1984)', 'Toy Story (1995)', 'The Addams Family (1991)', 'The Little Mermaid (1989)', 'Beetlejuice (1988)', 'The Lion King (1994)', 'Ghostbusters (1984)', 'The Princess Bride (1987)', 'Aladdin (1992)', 'Groundhog Day (1993)']"
1722,"[1258, 1219, 1997, 593, 1347, 2762, 2160, 2459, 1487, 2710]","[3660, 2455, 3013, 2149, 1987, 1347, 2814, 3499, 1196, 2367, 1999, 1206, 3018, 1127, 2428, 2651, 3264, 2525, 2650, 3550, 3927, 3700, 3658, 3935, 2653, 2160, 2613, 3694, 924]",2,"['The Shining (1980)', 'Psycho (1960)', 'The Exorcist (1973)', 'The Silence of the Lambs (1991)', 'A Nightmare on Elm Street (1984)', 'The Sixth Sense (1999)', ""Rosemary's Baby (1968)"", 'The Texas Chainsaw Massacre (1974)', 'Se7en (1995)', 'The Blair Witch Project (1999)']"
2702,"[1982, 1036, 2716, 1291, 1258, 1270, 1387, 1240, 593]","[1215, 2167, 196, 2976, 551, 1339]",0,"['Halloween (1978)', 'Die Hard (1988)', 'Ghostbusters (1984)', 'The Princess Diaries (2001)', 'Indiana Jones and the Last Crusade (1989)', 'The Shining (1980)', 'Back to the Future (1985)', 'Jaws (1975)', 'The Terminator (1984)', 'The Silence of the Lambs (1991)']"
2660,"[912, 920, 105, 1183, 1088, 17]","[858, 236, 497, 1946, 920, 911, 2248, 916, 914, 597, 339, 1307, 1101, 933, 534]",1,"['Casablanca (1942)', 'The Notebook (2004)', 'La La Land (2016)', 'Gone with the Wind (1939)', 'The Bridges of Madison County (1995)', 'Moulin Rouge! (2001)', 'The English Patient (1996)', 'Dirty Dancing (1987)', 'Eternal Sunshine of the Spotless Mind (2004)', 'Sense and Sensibility (1995)']"
886,"[318, 296, 110, 1721, 2028, 593, 3578, 527, 3147]","[3751, 3328, 3182, 3865, 3783]",0,"['The Shawshank Redemption (1994)', 'Pulp Fiction (1994)', 'Braveheart (1995)', 'The Matrix (1999)', 'Titanic (1997)', 'Saving Private Ryan (1998)', 'The Silence of the Lambs (1991)', 'Gladiator (2000)', ""Schindler's List (1993)"", 'The Green Mile (1999)']"
2768,"[1036, 589, 110, 1270, 1291, 318, 480, 1101, 1197]","[377, 1222, 296, 3543, 1270, 695, 3052, 288, 2918, 2329, 151, 1343, 1393, 720, 50, 110, 457, 1726]",2,"['Die Hard (1988)', 'Terminator 2: Judgment Day (1991)', 'Braveheart (1995)', 'Back to the Future (1985)', 'Indiana Jones and the Last Crusade (1989)', 'The Shawshank Redemption (1994)', 'Jurassic Park (1993)', 'Top Gun (1986)', 'The Princess Bride (1987)', 'The Matrix (1999)']"
3617,"[1258, 1198, 480, 1387, 1997, 1097, 1259, 2005, 1197, 551]","[919, 1263, 711, 1136, 1]",0,"['The Shining (1980)', 'Raiders of the Lost Ark (1981)', 'Jurassic Park (1993)', 'Jaws (1975)', 'The Exorcist (1973)', 'E.T. the Extra-Terrestrial (1982)', 'Stand by Me (1986)', 'The Goonies (1985)', 'The Princess Bride (1987)', 'The Nightmare Before Christmas (1993)']"
2101,"[541, 2668, 1270, 1200, 2916, 480, 1527, 1590, 1580]","[185, 741, 480, 2193, 2021, 1333, 1407, 2872, 3479, 2159, 2968]",1,"['Blade Runner (1982)', 'The Thing (1982)', 'Back to the Future (1985)', 'Aliens (1986)', 'The Fly (1986)', 'Total Recall (1990)', 'Jurassic Park (1993)', 'The Fifth Element (1997)', 'Event Horizon (1997)', 'Men in Black (1997)']"
5293,"[1265, 1270, 595, 296, 1197, 318, 2167, 1527, 1682]","[2268, 25, 3526, 2968, 1225, 1265, 2916, 432]",1,"['""Groundhog Day"" (1993)', '""The Matrix"" (1999)', '""Back to the Future"" (1985)', '""Beauty and the Beast"" (1991)', '""Pulp Fiction"" (1994)', '""The Princess Bride"" (1987)', '""The Shawshank Redemption"" (1994)', '""Blade"" (1998)', '""The Fifth Element"" (1997)', '""The Truman Show"" (1998)']"
3208,"[110, 318, 527, 296, 356, 858, 3578, 3147, 2959]","[356, 3274, 1721, 1394, 1306, 1276, 785, 198, 1343, 3508, 1385, 2371, 88, 2003, 2794, 370, 2470, 596, 150, 2088, 3461, 953, 1485, 1726, 3617, 1982, 2529, 2381, 694, 1479, 592, 1371, 379, 3745, 3104, 2668, 316, 2985, 2643, 3527, 3608, 153, 2951, 1673, 1231, 1882, 3499, 1250, 593, 3703]",1,"['Braveheart (1995)', 'The Shawshank Redemption (1994)', ""Schindler's List (1993)"", 'Pulp Fiction (1994)', 'Forrest Gump (1994)', 'The Godfather (1972)', 'Gladiator (2000)', 'The Green Mile (1999)', 'The Matrix (1999)', 'Fight Club (1999)']"
1562,"[1407, 2762, 2710, 2858, 3081, 799, 253]","[606, 2719, 196, 299, 1999, 3476, 366]",0,"['Scream (1996)', 'The Sixth Sense (1999)', 'Shaun of the Dead (2004)', 'The Blair Witch Project (1999)', 'American Beauty (1999)', 'The Others (2001)', 'Sleepy Hollow (1999)', 'The Frighteners (1996)', 'The Ring (2002)', 'Interview with the Vampire (1994)']"
3423,"[1198, 2716, 1270, 1197, 2797, 2005, 541, 2420, 2161, 1240]","[1191, 2692, 3740, 2751, 2542, 3526, 1876, 611, 2759, 2021, 2371, 2301, 2580, 2985, 3868, 1270, 1393, 2311, 1732, 2150, 2387, 3394, 45, 780, 21, 527, 409, 223, 920, 3616, 3706, 2372, 2496, 2915, 3825, 3489, 1663, 442, 1196, 2471, 2194, 1831, 1875, 1641, 2081, 3623, 1702, 3479, 1282, 2571, 2413]",1,"['Raiders of the Lost Ark (1981)', 'Ghostbusters (1984)', 'Back to the Future (1985)', 'The Princess Bride (1987)', 'Big (1988)', 'The Goonies (1985)', 'Blade Runner (1982)', 'The Karate Kid (1984)', 'The NeverEnding Story (1984)', 'The Terminator (1984)']"
4130,"[457, 1036, 593, 589, 1487, 50, 1617, 2762, 377]","[3082, 1909, 3578, 3251, 1573, 1953, 1385, 227, 2409, 10, 1610, 3698, 2471, 1552, 1210, 1233, 292, 1252, 2524, 3197, 3257, 1372, 2311, 2763, 2640, 924, 2376, 858, 1240, 2427, 1590, 3638, 2641, 1527]",0,"['The Fugitive (1993)', 'Die Hard (1988)', 'The Silence of the Lambs (1991)', 'Terminator 2: Judgment Day (1991)', 'Seven (1995)', 'The Usual Suspects (1995)', 'L.A. Confidential (1997)', 'The Sixth Sense (1999)', 'Speed (1994)', 'The Bourne Identity (2002)']"
3003,"[1036, 1198, 2000, 1270, 480, 457, 1197, 318, 589]","[1224, 3175, 1584, 2657, 1259, 2105, 1396, 2006, 2096, 2140, 1214, 1275, 1552, 3148, 1580, 2470, 110]",0,"['Die Hard (1988)', 'Raiders of the Lost Ark (1981)', 'Lethal Weapon (1987)', 'Back to the Future (1985)', 'Jurassic Park (1993)', 'The Fugitive (1993)', 'The Princess Bride (1987)', 'The Shawshank Redemption (1994)', 'Terminator 2: Judgment Day (1991)', 'The Matrix (1999)']"
322,"[356, 1197, 1198, 1270, 318, 1240, 858, 1097, 1247]","[1196, 912, 356, 1198, 1307, 1948]",2,"['Forrest Gump (1994)', 'The Princess Bride (1987)', 'Raiders of the Lost Ark (1981)', 'Back to the Future (1985)', 'The Shawshank Redemption (1994)', 'The Terminator (1984)', 'The Godfather (1972)', 'E.T. the Extra-Terrestrial (1982)', 'The Graduate (1967)', 'The Empire Strikes Back (1980)']"
5342,"[1721, 318, 1097, 1197, 356, 364, 1270, 1682, 595]","[34, 3527, 2424, 1873, 1012, 1610, 1270, 1201, 2028, 3508, 934, 1240, 260, 356, 3101, 529, 610, 940, 1127, 266, 1]",2,"['Titanic (1997)', 'The Shawshank Redemption (1994)', 'E.T. the Extra-Terrestrial (1982)', 'The Princess Bride (1987)', 'Forrest Gump (1994)', 'The Matrix (1999)', 'The Lion King (1994)', 'Back to the Future (1985)', 'The Truman Show (1998)', 'Beauty and the Beast (1991)']"
1082,"[2028, 3147, 780, 110, 527, 2959, 589, 296, 457]","[105, 1619, 434, 3105, 3527, 2021, 1198, 509, 590, 1240, 3448]",0,"['Saving Private Ryan (1998)', 'The Green Mile (1999)', 'Independence Day (1996)', 'Braveheart (1995)', 'The Matrix (1999)', ""Schindler's List (1993)"", 'Fight Club (1999)', 'Terminator 2: Judgment Day (1991)', 'Pulp Fiction (1994)', 'The Fugitive (1993)']"
3177,"[1252, 457, 1198, 1036, 593, 1266, 6, 318, 50, 380]","[2712, 3819, 875, 236, 1900, 253, 593]",1,"['Chinatown (1974)', 'The Fugitive (1993)', 'Raiders of the Lost Ark (1981)', 'Die Hard (1988)', 'The Silence of the Lambs (1991)', 'Unforgiven (1992)', 'Heat (1995)', 'The Shawshank Redemption (1994)', 'The Usual Suspects (1995)', 'True Lies (1994)', 'Enjoy watching!']"
236,"[1258, 589, 593, 2028, 2762, 480, 1997, 110, 2959]","[1291, 1127, 589, 3363, 318, 1748, 1193, 2236, 1200, 3703, 1198]",1,"['The Shining (1980)', 'Terminator 2: Judgment Day (1991)', 'The Silence of the Lambs (1991)', 'Saving Private Ryan (1998)', 'The Sixth Sense (1999)', 'Jurassic Park (1993)', 'The Exorcist (1973)', 'Braveheart (1995)', 'The Matrix (1999)', 'Fight Club (1999)']"
3334,"[1, 1682, 364, 356, 1580, 2, 1265, 1732, 1197]","[3259, 2028, 3147, 235, 459, 7, 3100, 2167]",0,"['Toy Story (1995)', 'The Truman Show (1998)', 'The Lion King (1994)', 'Forrest Gump (1994)', 'Men in Black (1997)', 'The Mask (1994)', 'Jumanji (1995)', 'Groundhog Day (1993)', 'The Big Lebowski (1998)', 'The Princess Bride (1987)']"
3943,"[318, 356, 1213, 527, 2858, 1183, 593, 110, 3147, 2028]","[62, 2384, 1265, 1393, 1, 52, 1210, 1569]",0,"['The Shawshank Redemption (1994)', 'Forrest Gump (1994)', 'Goodfellas (1990)', ""Schindler's List (1993)"", 'American Beauty (1999)', 'The English Patient (1996)', 'The Silence of the Lambs (1991)', 'Braveheart (1995)', 'The Green Mile (1999)', 'Saving Private Ryan (1998)']"
1179,"[296, 318, 2959, 1213, 356, 858, 541, 1732, 1208]","[2944, 1429, 3932, 1288, 2640, 969, 1356, 924, 2716, 3702, 951, 223, 2021, 1221, 3107, 2455, 2947, 2349, 3462, 2495, 588, 2628, 1238, 32, 1408, 780, 3200, 2571, 1270, 2989, 50, 1028, 2993, 3175, 1573]",0,"['Pulp Fiction (1994)', 'The Shawshank Redemption (1994)', 'Fight Club (1999)', 'The Matrix (1999)', 'Goodfellas (1990)', 'Forrest Gump (1994)', 'The Godfather (1972)', 'Blade Runner (1982)', 'The Big Lebowski (1998)', 'Apocalypse Now (1979)']"
5663,"[296, 480, 318, 1200, 1213, 593, 2959, 589, 1487]","[2906, 3053, 2396, 1220, 3499, 329, 3703, 6, 1918, 2836, 253, 2279, 1848, 1912, 457, 3082, 1882, 2498, 733, 2918, 1376, 1242, 1394, 2771, 1717]",0,"['The Matrix (1999)', 'Pulp Fiction (1994)', 'Jurassic Park (1993)', 'The Shawshank Redemption (1994)', 'Aliens (1986)', 'Goodfellas (1990)', 'The Silence of the Lambs (1991)', 'Fight Club (1999)', 'The Terminator 2: Judgment Day (1991)', 'Seven (1995)']"
311,"[1036, 1198, 589, 2000, 377, 380, 110, 457, 648]","[1968, 1544]",0,"['Die Hard (1988)', 'Raiders of the Lost Ark (1981)', 'Terminator 2: Judgment Day (1991)', 'Lethal Weapon (1987)', 'The Matrix (1999)', 'Speed (1994)', 'True Lies (1994)', 'Braveheart (1995)', 'The Fugitive (1993)', 'Mission: Impossible (1996)']"
2880,"[1265, 1923, 357, 380, 231, 457, 39, 1485, 377]","[1376, 1092, 2282, 2918, 3070, 3266, 1294, 3549, 1259, 112, 1285, 3675, 1148, 3521, 3067, 2005, 434, 2009, 3253, 2858, 1199, 357, 1240, 1196, 2413, 3889, 2174, 2791, 3882, 1217, 3396, 1947, 1374, 3671, 3448, 3703, 1354, 527, 52, 908, 924]",1,"['Groundhog Day (1993)', 'The Mask (1994)', ""There's Something About Mary (1998)"", 'Four Weddings and a Funeral (1994)', 'True Lies (1994)', 'Dumb and Dumber (1994)', 'The Fugitive (1993)', 'Clueless (1995)', 'Liar Liar (1997)', 'Speed (1994)']"
3086,"[1307, 1197, 2797, 1265, 551, 480, 2762, 1258, 593, 1682]","[2996, 2333, 3078, 2058, 2355, 2433, 1748, 2599, 3785, 1923, 1704, 3301, 3285, 1835, 1721]",0,"['When Harry Met Sally... (1989)', 'The Princess Bride (1987)', 'Big (1988)', 'Groundhog Day (1993)', 'The Nightmare Before Christmas (1993)', 'Jurassic Park (1993)', 'The Sixth Sense (1999)', 'The Shining (1980)', 'The Silence of the Lambs (1991)', 'The Truman Show (1998)']"
4862,"[2028, 3578, 1036, 110, 1198, 589]","[3527, 2916, 1387, 1912, 592, 2529, 1610, 1218, 2872, 3751, 3703, 2366, 2028, 2396, 377, 1275]",1,"['Saving Private Ryan (1998)', 'The Dark Knight (2008)', 'Gladiator (2000)', 'Die Hard (1988)', 'Braveheart (1995)', 'The Matrix (1999)', 'Inception (2010)', 'The Bourne Identity (2002)', 'Raiders of the Lost Ark (1981)', 'Terminator 2: Judgment Day (1991)']"
3286,"[2657, 2746, 1073, 1220, 1270, 551, 1035, 2174, 2003, 1197]","[919, 588, 2946, 2406, 2877, 914]",0,"['The Rocky Horror Picture Show (1975)', 'Little Shop of Horrors (1986)', 'Willy Wonka & the Chocolate Factory (1971)', 'The Blues Brothers (1980)', 'Back to the Future (1985)', 'The Nightmare Before Christmas (1993)', 'The Sound of Music (1965)', 'Beetlejuice (1988)', 'Gremlins (1984)', 'The Princess Bride (1987)']"
4226,"[2716, 1270, 1036, 1197, 480, 1732, 296, 593, 1265, 1682]","[2761, 2683, 837]",0,"['Ghostbusters (1984)', 'Back to the Future (1985)', 'Die Hard (1988)', 'The Princess Bride (1987)', 'Jurassic Park (1993)', 'The Big Lebowski (1998)', 'Pulp Fiction (1994)', 'The Silence of the Lambs (1991)', 'Groundhog Day (1993)', 'The Truman Show (1998)', 'Enjoy watching!']"
1598,"[1198, 480, 541, 1197, 1240, 1270, 1036, 1291, 260]","[426, 2160, 1320, 3527, 3624, 3917, 3070, 196, 2858, 3918, 3617, 3354, 541, 3923, 3745, 32, 2054, 1019, 2456, 2140, 2641, 1590, 2012, 3513, 3515, 1617, 968, 1206, 1779, 1097]",1,"['Raiders of the Lost Ark (1981)', 'Jurassic Park (1993)', 'Blade Runner (1982)', 'The Princess Bride (1987)', 'The Terminator (1984)', 'Back to the Future (1985)', 'Die Hard (1988)', 'The Matrix (1999)', 'Indiana Jones and the Last Crusade (1989)', 'Star Wars: Episode IV - A New Hope (1977)']"
2266,"[296, 318, 356, 364, 527, 1, 110, 457, 1682, 150]","[2333, 350, 3358, 3252, 3155, 1721, 1249, 2996, 2762, 1619, 1266]",0,"['Pulp Fiction (1994)', 'The Shawshank Redemption (1994)', 'Forrest Gump (1994)', 'The Lion King (1994)', ""Schindler's List (1993)"", 'Toy Story (1995)', 'Braveheart (1995)', 'The Fugitive (1993)', 'The Truman Show (1998)', 'Apollo 13 (1995)']"
3688,"[912, 1219, 899, 903, 1947, 318, 904, 1230, 1035]","[3608, 1580, 32, 2712, 2018, 2699, 1089, 1302, 1267, 2324, 296, 913, 589, 2302, 1035, 1496, 1674, 3098, 2770, 1258, 3002, 2329, 527, 2526, 2087, 1250, 1293, 3618, 1077, 3095, 1259]",1,"['""Casablanca"" (1942)', '""Psycho"" (1960)', '""Singin\' in the Rain"" (1952)', '""The Godfather"" (1972)', '""Vertigo"" (1958)', '""West Side Story"" (1961)', '""The Shawshank Redemption"" (1994)', '""Rear Window"" (1954)', '""Annie Hall"" (1977)', '""The Sound of Music"" (1965)']"
4874,"[296, 6, 1252, 858, 111, 1089, 50, 1213, 541]","[3741, 2692, 290, 1234, 910, 3362, 1084]",0,"['Pulp Fiction (1994)', 'Heat (1995)', 'Chinatown (1974)', 'The Godfather (1972)', 'Taxi Driver (1976)', 'The Departed (2006)', 'Reservoir Dogs (1992)', 'The Usual Suspects (1995)', 'Goodfellas (1990)', 'Blade Runner (1982)']"
2552,"[1270, 1036, 1197, 2716, 480, 2081, 1307, 593, 588, 1265]","[2145, 1608, 2000, 1307, 3087, 1266, 1092, 1672]",1,"['Back to the Future (1985)', 'Die Hard (1988)', 'The Princess Bride (1987)', 'Ghostbusters (1984)', 'Jurassic Park (1993)', 'The Little Mermaid (1989)', 'When Harry Met Sally... (1989)', 'The Silence of the Lambs (1991)', 'Aladdin (1992)', 'Groundhog Day (1993)']"
1494,"[296, 318, 1213, 356, 1682, 2858, 593, 778]","[480, 3081, 858, 3477, 1288, 110, 919, 1237, 1183, 1580, 1126, 950, 2948, 1971, 1261, 1269, 3534, 2078, 3918, 1654]",0,"['""Pulp Fiction"" (1994)', '""The Shawshank Redemption"" (1994)', '""Goodfellas"" (1990)', '""Forrest Gump"" (1994)', '""The Truman Show"" (1998)', '""Eternal Sunshine of the Spotless Mind"" (2004)', '""American Beauty"" (1999)', '""The Silence of the Lambs"" (1991)', '""Trainspotting"" (1996)', '""The Lion King"" (1994)']"
2675,"[1197, 1270, 2005, 1097, 2161, 2716, 480, 364, 2081, 1]","[558, 2105, 24, 2916, 2174, 653, 316]",0,"['The Princess Bride (1987)', 'Back to the Future (1985)', 'The Goonies (1985)', 'E.T. the Extra-Terrestrial (1982)', 'The NeverEnding Story (1984)', 'Ghostbusters (1984)', 'Jurassic Park (1993)', 'The Lion King (1994)', 'The Little Mermaid (1989)', 'Toy Story (1995)']"
470,"[1, 1270, 364, 1197, 588, 2716, 595, 919]","[1032, 2092, 3751, 2628, 1235, 3421, 3287, 3675, 594, 2355, 955]",0,"['Toy Story (1995)', 'Back to the Future (1985)', 'The Lion King (1994)', 'The Princess Bride (1987)', 'Aladdin (1992)', 'Ghostbusters (1984)', 'Beauty and the Beast (1991)', 'The Incredibles (2004)', 'The Princess Diaries (2001)', 'The Wizard of Oz (1939)']"
3339,"[296, 1197, 1270, 1732, 2716, 2918, 1580, 1265, 318, 1682]","[1784, 2716, 2959, 3174, 110, 1256, 3176, 296, 3210, 2858, 2908]",2,"['""Pulp Fiction"" (1994)', '""The Princess Bride"" (1987)', '""Back to the Future"" (1985)', '""The Big Lebowski"" (1998)', '""Ghostbusters"" (1984)', '""Ferris Bueller\'s Day Off"" (1986)', '""Men in Black"" (1997)', '""Groundhog Day"" (1993)', '""The Shawshank Redemption"" (1994)', '""The Truman Show"" (1998)', 'Enjoy watching!']"
4547,"[296, 318, 356, 2959, 593, 1213, 2762, 589, 1682]","[3793, 3623, 3578, 2858, 2712]",0,"['Pulp Fiction (1994)', 'The Shawshank Redemption (1994)', 'Forrest Gump (1994)', 'The Matrix (1999)', 'Fight Club (1999)', 'The Silence of the Lambs (1991)', 'Goodfellas (1990)', 'The Sixth Sense (1999)', 'Terminator 2: Judgment Day (1991)', 'The Truman Show (1998)']"
511,"[1214, 541, 1258, 1206, 1208, 1997, 1270, 1136, 2791]","[2701, 1579, 3639, 1093]",0,"['Alien (1979)', 'Blade Runner (1982)', 'The Shining (1980)', 'A Clockwork Orange (1971)', 'Apocalypse Now (1979)', 'The Exorcist (1973)', 'Back to the Future (1985)', 'Monty Python and the Holy Grail (1975)', 'The Empire Strikes Back (1980)', 'Airplane! (1980)']"
3040,"[1580, 1527, 480, 296, 2000, 780, 1036, 318, 589]","[589, 1653, 1921, 1320]",1,"['Men in Black (1997)', 'The Fifth Element (1997)', 'Jurassic Park (1993)', 'Pulp Fiction (1994)', 'The Matrix (1999)', 'Lethal Weapon (1987)', 'Independence Day (1996)', 'Die Hard (1988)', 'The Shawshank Redemption (1994)', 'Terminator 2: Judgment Day (1991)']"
3287,"[1247, 3504, 1230, 1252, 1235, 1206, 829, 3152, 2303, 1281]","[3037, 1084, 155]",0,"['The Graduate (1967)', 'Network (1976)', 'Annie Hall (1977)', 'Chinatown (1974)', 'Harold and Maude (1971)', 'A Clockwork Orange (1971)', 'The Apartment (1960)', 'The Last Picture Show (1971)', 'Nashville (1975)', 'The Great Dictator (1940)']"
1986,"[908, 951, 904, 296, 1230, 593, 1197]","[1252, 1135]",0,"['""North by Northwest"" (1959)', '""His Girl Friday"" (1940)', '""Rear Window"" (1954)', '""The Graduate"" (1967)', '""Pulp Fiction"" (1994)', '""Annie Hall"" (1977)', '""The Silence of the Lambs"" (1991)', '""The Princess Bride"" (1987)', '""The Shining"" (1980)', '""The Fugitive"" (1993)']"
4047,"[1036, 480, 457, 377, 101, 648, 1617, 2762, 2959, 3578]","[3175, 3020, 3744, 112, 1097, 552, 589, 2916]",0,"['Die Hard (1988)', 'Jurassic Park (1993)', 'The Fugitive (1993)', 'Speed (1994)', 'The Rock (1996)', 'Mission: Impossible (1996)', 'L.A. Confidential (1997)', 'The Sixth Sense (1999)', 'Fight Club (1999)', 'Gladiator (2000)']"
5339,"[1198, 1270, 1036, 318, 541, 296, 1197, 1240, 593, 480]","[3438, 1584, 1917, 1270, 2140, 1525, 1704, 1207, 172, 1376, 3000, 198, 2888, 1954, 260, 353]",1,"['Raiders of the Lost Ark (1981)', 'Back to the Future (1985)', 'Die Hard (1988)', 'The Shawshank Redemption (1994)', 'Blade Runner (1982)', 'Pulp Fiction (1994)', 'The Princess Bride (1987)', 'The Terminator (1984)', 'The Silence of the Lambs (1991)', 'Jurassic Park (1993)']"
32,"[296, 593, 457, 318, 6, 50, 1089, 555, 2762, 2959]","[1617, 32, 3429, 2858]",0,"['Pulp Fiction (1994)', 'The Silence of the Lambs (1991)', 'The Fugitive (1993)', 'The Shawshank Redemption (1994)', 'Heat (1995)', 'The Usual Suspects (1995)', 'Reservoir Dogs (1992)', 'True Romance (1993)', 'The Sixth Sense (1999)', 'Fight Club (1999)']"
5146,"[2858, 296, 318, 2959, 50, 1704, 1682, 2762, 3147, 1487]","[1150, 2609, 3872, 3847, 3145, 2762]",1,"['American Beauty (1999)', 'Pulp Fiction (1994)', 'The Shawshank Redemption (1994)', 'Fight Club (1999)', 'The Usual Suspects (1995)', 'Good Will Hunting (1997)', 'The Truman Show (1998)', 'The Sixth Sense (1999)', 'The Green Mile (1999)', 'Se7en (1995)']"
4929,"[1219, 1258, 904, 1997, 1252, 858, 593, 2762, 1208, 2459]","[2186, 2908, 1104, 3206, 949, 3196, 1237, 2966, 2517, 899]",0,"['Psycho (1960)', 'The Shining (1980)', 'Rear Window (1954)', 'The Exorcist (1973)', 'Chinatown (1974)', 'The Godfather (1972)', 'The Silence of the Lambs (1991)', 'The Sixth Sense (1999)', 'Apocalypse Now (1979)', 'The Texas Chainsaw Massacre (1974)']"
2139,"[910, 1262, 1230, 1197, 2825, 1247, 2427, 2791, 898, 356]","[2858, 2710, 1193, 3932, 3928, 356, 3516]",1,"['Some Like It Hot (1959)', 'The Great Escape (1963)', 'Annie Hall (1977)', 'The Princess Bride (1987)', 'Tootsie (1982)', 'The Graduate (1967)', 'The Thin Red Line (1998)', 'Airplane! (1980)', 'The Philadelphia Story (1940)', 'Forrest Gump (1994)', 'Enjoy watching!']"
2633,"[457, 2791, 1198, 1270, 1036, 1197, 589, 593, 480, 110]","[2717, 2716, 2770, 2792, 223, 2734, 2683]",0,"['The Fugitive (1993)', 'Airplane! (1980)', 'Raiders of the Lost Ark (1981)', 'Back to the Future (1985)', 'Die Hard (1988)', 'The Princess Bride (1987)', 'Terminator 2: Judgment Day (1991)', 'The Silence of the Lambs (1991)', 'Jurassic Park (1993)', 'Braveheart (1995)']"
397,"[1036, 110, 1291, 380, 480, 2000, 589, 1101, 1527]","[2571, 1238, 1234, 2134, 1214, 380]",1,"['Die Hard (1988)', 'The Matrix (1999)', 'Braveheart (1995)', 'Indiana Jones and the Last Crusade (1989)', 'True Lies (1994)', 'Jurassic Park (1993)', 'Lethal Weapon (1987)', 'The Terminator 2: Judgment Day (1991)', 'Top Gun (1986)', 'The Fifth Element (1997)']"
257,"[296, 1682, 608, 2762, 2858, 593, 1265, 2710, 1704, 1407]","[1408, 480, 3697, 280, 608, 356, 2028]",1,"['Pulp Fiction (1994)', 'The Truman Show (1998)', 'Fargo (1996)', 'The Sixth Sense (1999)', 'American Beauty (1999)', 'The Silence of the Lambs (1991)', 'Groundhog Day (1993)', 'The Blair Witch Project (1999)', 'Good Will Hunting (1997)', 'Scream (1996)']"
4833,"[2161, 1197, 3489, 2, 2761, 480, 1097, 364]","[2501, 750, 24, 2762, 1136, 2724, 107, 2699, 899, 1214, 110, 3095, 1288]",0,"['The NeverEnding Story (1984)', 'The Princess Bride (1987)', 'Hook (1991)', 'Jumanji (1995)', 'The Iron Giant (1999)', 'The Matrix (1999)', ""Harry Potter and the Sorcerer's Stone (2001)"", 'Jurassic Park (1993)', 'E.T. the Extra-Terrestrial (1982)', 'The Lion King (1994)']"
2104,"[1097, 2005, 480, 1197, 1580, 1682, 457, 1265, 2762, 1]","[2357, 1251, 3753, 2124, 3510, 1127]",0,"['E.T. the Extra-Terrestrial (1982)', 'The Goonies (1985)', 'Jurassic Park (1993)', 'The Princess Bride (1987)', 'Men in Black (1997)', 'The Truman Show (1998)', 'The Fugitive (1993)', 'Groundhog Day (1993)', 'The Sixth Sense (1999)', 'Toy Story (1995)']"
2359,"[2791, 904, 1198, 1, 1252, 1197, 913, 1262, 480, 912]","[1210, 2572, 1965, 3081, 3751, 1959, 2355, 2694, 2759]",0,"['Airplane! (1980)', 'Rear Window (1954)', 'Raiders of the Lost Ark (1981)', 'Toy Story (1995)', 'Chinatown (1974)', 'The Princess Bride (1987)', 'The Maltese Falcon (1941)', 'The Great Escape (1963)', 'Jurassic Park (1993)', 'Casablanca (1942)']"
1761,"[1240, 541, 2916, 2985, 1036, 480, 1527, 1200, 593]","[442, 1371, 3697, 1373, 2054, 2010, 3873, 2986, 924, 2138, 2667, 1748, 2173, 2407]",0,"['The Terminator (1984)', 'Blade Runner (1982)', 'Total Recall (1990)', 'RoboCop (1987)', 'The Matrix (1999)', 'Die Hard (1988)', 'Jurassic Park (1993)', 'The Fifth Element (1997)', 'Aliens (1986)', 'The Silence of the Lambs (1991)']"
5388,"[2000, 380, 457, 1370, 101, 1556, 3257, 2268, 3256, 1610]","[3535, 1198]",0,"['Lethal Weapon (1987)', 'True Lies (1994)', 'The Fugitive (1993)', 'Die Hard 2 (1990)', 'The Rock (1996)', 'Speed 2: Cruise Control (1997)', 'The Bodyguard (1992)', 'A Few Good Men (1992)', 'Patriot Games (1992)', 'The Hunt for Red October (1990)']"
972,"[318, 296, 858, 899, 1198, 1035, 1213, 1036, 1947]","[1035, 1259, 2875, 551]",1,"['The Shawshank Redemption (1994)', 'Pulp Fiction (1994)', 'The Godfather (1972)', 'The Dark Knight (2008)', ""Singin' in the Rain (1952)"", 'Raiders of the Lost Ark (1981)', 'The Sound of Music (1965)', 'Goodfellas (1990)', 'Die Hard (1988)', 'West Side Story (1961)']"
571,"[296, 1580, 1266, 1487, 457, 480, 608, 380, 1732]","[2628, 3267, 1805, 172, 2600, 1917, 2162, 2173, 673, 1732, 3044, 546, 737, 2986, 3697, 2, 3479, 1748, 3476]",1,"['Pulp Fiction (1994)', 'The Matrix (1999)', 'Men in Black (1997)', 'Unforgiven (1992)', 'Se7en (1995)', 'The Fugitive (1993)', 'Jurassic Park (1993)', 'Fargo (1996)', 'True Lies (1994)', 'The Big Lebowski (1998)']"
3187,"[924, 1198, 3471, 1197, 1253, 1204, 913, 1097, 908]","[908, 1267]",1,"['2001: A Space Odyssey (1968)', 'Raiders of the Lost Ark (1981)', 'Blade Runner 2049 (2017)', 'Close Encounters of the Third Kind (1977)', 'The Princess Bride (1987)', 'The Day the Earth Stood Still (1951)', 'Lawrence of Arabia (1962)', 'The Maltese Falcon (1941)', 'E.T. the Extra-Terrestrial (1982)', 'North by Northwest (1959)']"
2044,"[364, 588, 1197, 2081, 2716, 595, 2005, 1, 919]","[1079, 1064, 1234, 1188]",0,"['The Lion King (1994)', 'Aladdin (1992)', 'Shrek (2001)', 'The Princess Bride (1987)', 'The Little Mermaid (1989)', 'Ghostbusters (1984)', 'Beauty and the Beast (1991)', 'The Goonies (1985)', 'Toy Story (1995)', 'The Wizard of Oz (1939)']"
1462,"[1270, 2273, 3253, 2005, 39, 231, 1682, 3190]","[3289, 3484, 3]",0,"['Back to the Future (1985)', 'The Mask (1994)', 'Rush Hour (1998)', ""Wayne's World (1992)"", 'The Goonies (1985)', 'Clueless (1995)', 'Dumb and Dumber (1994)', 'The Truman Show (1998)', 'Superbad (2007)', 'Zoolander (2001)']"
559,"[2671, 1393, 1682, 539, 318, 296, 1923, 1777, 380]","[924, 17, 185, 3370, 3176, 2762]",0,"['""Notting Hill"" (1999)', '""Jerry Maguire"" (1996)', '""The Truman Show"" (1998)', '""Sleepless in Seattle"" (1993)', '""The Shawshank Redemption"" (1994)', '""Pulp Fiction"" (1994)', '""The Fugitive"" (1993)', '""There\'s Something About Mary"" (1998)', '""The Wedding Singer"" (1998)', '""True Lies"" (1994)']"
3144,"[593, 480, 364, 296, 780, 1407, 1580, 2858, 2959]","[3300, 3484, 3177, 3809, 3717, 1197, 3844]",0,"['The Silence of the Lambs (1991)', 'Jurassic Park (1993)', 'The Lion King (1994)', 'Pulp Fiction (1994)', 'Independence Day (1996)', 'Scream (1996)', 'Men in Black (1997)', 'The Matrix (1999)', 'American Beauty (1999)', 'Fight Club (1999)']"
3960,"[858, 1230, 318, 296, 356, 1247, 1704, 608]","[3668, 2506, 914, 1947, 3101]",0,"['The Godfather (1972)', 'Annie Hall (1977)', 'The Shawshank Redemption (1994)', 'Pulp Fiction (1994)', 'Forrest Gump (1994)', 'The Graduate (1967)', 'Good Will Hunting (1997)', 'Fargo (1996)', 'Eternal Sunshine of the Spotless Mind (2004)', 'The Departed (2006)']"
81,"[541, 1240, 1198, 1200, 1090, 1222, 1258, 1206, 1208]","[968, 978, 1228, 296, 1178, 3362, 913]",0,"['Blade Runner (1982)', 'The Terminator (1984)', 'Raiders of the Lost Ark (1981)', 'Aliens (1986)', 'Platoon (1986)', 'The Empire Strikes Back (1980)', 'Full Metal Jacket (1987)', 'The Shining (1980)', 'A Clockwork Orange (1971)', 'Apocalypse Now (1979)']"
1672,"[1270, 1197, 2716, 1036, 480, 1307, 1291, 1527, 1580]","[21, 3114, 110, 518, 2433, 2794, 589]",0,"['Back to the Future (1985)', 'The Princess Bride (1987)', 'Ghostbusters (1984)', 'Die Hard (1988)', 'Jurassic Park (1993)', 'The Matrix (1999)', 'When Harry Met Sally... (1989)', 'Indiana Jones and the Last Crusade (1989)', 'The Fifth Element (1997)', 'Men in Black (1997)']"
2234,"[1487, 50, 6, 457, 1252, 593, 628, 2762, 318]","[1238, 1834]",0,"['Se7en (1995)', 'The Usual Suspects (1995)', 'Heat (1995)', 'The Fugitive (1993)', 'Chinatown (1974)', 'The Silence of the Lambs (1991)', 'Primal Fear (1996)', 'The Departed (2006)', 'The Sixth Sense (1999)', 'The Shawshank Redemption (1994)']"
3166,"[1307, 1197, 356, 364, 1270, 1097, 2005, 1035, 1, 480]","[2028, 924, 50]",0,"['When Harry Met Sally... (1989)', 'The Princess Bride (1987)', 'Forrest Gump (1994)', 'The Lion King (1994)', 'Back to the Future (1985)', 'E.T. the Extra-Terrestrial (1982)', 'The Goonies (1985)', 'The Sound of Music (1965)', 'Toy Story (1995)', 'Jurassic Park (1993)']"
443,"[858, 1213, 318, 111, 1193, 593, 1252, 1247, 1206, 50]","[2985, 2633, 1213, 318]",2,"['The Godfather (1972)', 'Goodfellas (1990)', 'The Shawshank Redemption (1994)', 'Taxi Driver (1976)', ""One Flew Over the Cuckoo's Nest (1975)"", 'The Silence of the Lambs (1991)', 'Chinatown (1974)', 'The Graduate (1967)', 'A Clockwork Orange (1971)', 'The Usual Suspects (1995)']"
5579,"[1487, 296, 50, 6, 2959, 1617, 1089, 593, 16]","[2355, 1213, 858, 1207, 2683]",0,"['Seven (1995)', '5/5', 'Pulp Fiction (1994)', '5/5', 'The Usual Suspects (1995)', '5/5', 'Heat (1995)', 'Fight Club (1999)', '5/5', 'L.A. Confidential (1997)', 'The Departed (2006)', '5/5', 'Reservoir Dogs (1992)', 'The Silence of the Lambs (1991)', 'Casino (1995)']"
1319,"[296, 318, 356, 2959, 1213, 1682, 2858]","[3418, 3534, 1376]",0,"['The Notebook (2004)', 'Pulp Fiction (1994)', 'The Shawshank Redemption (1994)', 'Forrest Gump (1994)', 'Fight Club (1999)', 'The Dark Knight (2008)', 'Eternal Sunshine of the Spotless Mind (2004)', 'Goodfellas (1990)', 'The Truman Show (1998)', 'American Beauty (1999)']"
4667,"[296, 1213, 318, 111, 1252, 593, 1228, 1189]","[1208, 1212]",0,"['""The Godfather"" (1972)', '""Pulp Fiction"" (1994)', '""Goodfellas"" (1990)', '""The Shawshank Redemption"" (1994)', '""Taxi Driver"" (1976)', '""Chinatown"" (1974)', '""The Departed"" (2006)', '""The Silence of the Lambs"" (1991)', '""Raging Bull"" (1980)', '""The Thin Blue Line"" (1988)']"
4885,"[1204, 1250, 920, 1198, 1262, 2067, 3654, 1183, 969, 110]","[3169, 2804, 3461, 3095, 1198]",1,"['Lawrence of Arabia (1962)', 'The Bridge on the River Kwai (1957)', 'Gone with the Wind (1939)', 'Raiders of the Lost Ark (1981)', 'The Great Escape (1963)', 'Doctor Zhivago (1965)', 'The Guns of Navarone (1961)', 'The English Patient (1996)', 'The African Queen (1951)', 'Braveheart (1995)']"
4211,"[1258, 1206, 1200, 1997, 541, 858, 1240, 1982, 1198, 296]",[3791],0,"['The Shining (1980)', 'A Clockwork Orange (1971)', 'Aliens (1986)', 'The Exorcist (1973)', 'Blade Runner (1982)', 'The Godfather (1972)', 'The Terminator (1984)', 'Halloween (1978)', 'Raiders of the Lost Ark (1981)', 'Pulp Fiction (1994)']"
